company_size,annual_revenue_k,website_visits_30d,email_opens_30d,demo_requests_30d,form_submissions_30d,days_since_last_contact,lead_source,industry,decision_maker_engaged,converted
12,801.87,10,6,0,0,25,social,saas,False,0
135,495.8,15,1,1,0,57,paid_search,finance,False,0
141,292.1,15,3,0,4,79,outbound,finance,True,0
37,282.35,6,6,0,1,19,social,saas,False,0
83,169.05,6,2,0,0,32,organic,saas,False,0
46,331.71,15,3,1,0,2,outbound,ecommerce,False,0
66,1480.31,10,0,0,1,33,social,finance,False,0
22,629.26,5,2,1,1,10,social,finance,True,0
90,1285.1,14,1,0,2,16,organic,finance,True,1
15,825.57,13,5,0,1,2,paid_search,ecommerce,False,0
13,267.13,15,6,0,1,12,paid_search,saas,False,0
50,94.71,16,4,2,0,23,outbound,healthcare,False,0
46,195.03,11,6,0,0,25,referral,saas,False,1
68,251.83,5,2,1,2,61,outbound,finance,False,0
32,233.09,10,4,1,1,15,paid_search,saas,False,0
247,1314.25,19,8,0,0,28,organic,ecommerce,True,0
62,1300.61,14,4,1,1,65,referral,healthcare,False,1
66,4500.21,9,2,0,0,9,organic,healthcare,True,1
64,229.59,18,1,0,0,127,outbound,healthcare,False,0
122,2434.38,12,1,0,2,16,referral,ecommerce,False,0
87,2419.38,19,3,0,0,30,social,services,True,0
78,390.62,17,1,1,3,9,paid_search,services,False,0
98,791.2,12,7,0,1,62,outbound,services,False,0
13,1704.0,15,3,0,0,21,outbound,healthcare,False,0
13,464.55,7,5,0,0,18,social,healthcare,True,0
51,429.92,6,3,2,0,1,organic,healthcare,True,1
47,263.13,11,3,0,0,38,paid_search,ecommerce,False,0
87,46.52,7,2,0,4,39,organic,ecommerce,True,1
55,528.73,12,2,0,0,4,organic,healthcare,False,0
87,242.29,13,5,1,1,59,social,saas,False,0
20,168.12,11,8,2,1,20,social,saas,True,0
54,751.59,17,3,0,1,43,outbound,services,False,0
19,115.43,9,5,0,2,21,paid_search,saas,False,0
74,1103.32,16,2,1,1,43,paid_search,healthcare,False,0
12,799.19,10,5,1,0,18,paid_search,healthcare,False,0
72,330.24,5,2,0,1,40,organic,saas,False,0
17,462.52,10,3,0,2,18,organic,services,False,0
40,149.87,17,3,0,2,0,referral,saas,True,1
112,1043.5,10,5,0,0,61,organic,services,False,0
65,594.29,7,5,1,3,2,social,finance,False,0
15,640.24,21,7,0,1,2,paid_search,saas,False,0
32,813.94,14,5,1,1,7,outbound,saas,False,0
16,259.2,9,8,0,2,30,social,ecommerce,False,0
14,107.87,14,2,1,0,5,paid_search,ecommerce,False,0
60,1283.46,12,3,0,2,5,outbound,saas,False,0
85,981.14,13,5,3,3,27,outbound,services,True,1
78,288.48,20,2,1,1,38,paid_search,saas,True,1
88,741.82,11,6,0,0,56,paid_search,services,True,1
54,1733.63,12,9,1,0,43,social,saas,True,0
44,1538.71,8,6,1,1,5,organic,services,False,1
23,280.18,7,3,0,0,6,organic,saas,False,0
38,111.19,9,3,0,1,7,organic,ecommerce,False,0
19,132.0,10,4,1,0,2,social,healthcare,False,1
28,360.78,13,5,0,1,5,social,saas,True,0
59,2126.68,14,0,0,2,20,social,services,False,0
50,237.83,9,3,0,2,27,social,ecommerce,True,0
634,271.42,10,3,0,0,8,paid_search,healthcare,False,0
19,265.89,13,7,0,1,0,referral,healthcare,False,0
49,289.53,15,2,0,1,34,organic,healthcare,False,0
17,487.25,13,3,1,2,11,organic,saas,False,0
40,137.0,10,4,0,2,6,social,saas,True,0
41,1457.33,13,6,0,1,65,referral,saas,False,1
107,426.32,11,2,1,0,17,referral,ecommerce,True,1
38,5878.96,16,6,0,0,9,social,saas,True,1
47,152.39,11,2,0,2,39,referral,services,False,0
39,2415.99,11,9,0,1,25,referral,healthcare,False,1
18,1980.98,9,3,2,1,7,referral,healthcare,False,1
32,326.46,8,6,0,0,114,paid_search,ecommerce,True,0
40,331.94,16,3,0,0,33,organic,ecommerce,True,1
58,196.12,16,3,0,1,1,paid_search,healthcare,False,0
85,198.38,6,9,2,3,25,organic,ecommerce,True,1
45,492.45,8,6,2,0,7,paid_search,ecommerce,True,0
45,503.05,15,4,1,0,23,outbound,ecommerce,False,0
14,99.25,14,4,0,0,49,organic,healthcare,False,0
84,4882.95,6,1,1,1,16,organic,services,True,1
31,380.12,14,8,0,4,28,paid_search,saas,True,1
99,526.16,20,8,0,1,5,paid_search,healthcare,False,1
157,263.42,10,6,1,0,25,social,saas,False,0
47,377.28,20,2,0,0,10,referral,ecommerce,True,0
24,344.51,12,6,0,2,50,social,finance,False,0
54,491.31,11,4,0,2,20,social,saas,False,1
72,485.61,6,4,0,3,6,paid_search,healthcare,False,0
42,1101.98,23,5,1,2,32,outbound,ecommerce,False,0
35,618.45,13,4,0,2,48,organic,saas,False,0
86,996.53,8,5,1,1,10,organic,services,False,0
81,487.94,9,3,1,0,41,organic,ecommerce,False,0
41,620.95,17,4,0,1,45,social,finance,True,0
15,387.1,9,10,2,1,89,paid_search,ecommerce,False,1
79,1343.61,22,4,1,0,16,organic,services,True,1
30,680.36,8,3,0,1,3,referral,ecommerce,False,1
65,420.7,16,2,2,1,33,organic,ecommerce,False,1
62,408.34,8,1,0,1,29,social,finance,False,0
12,441.76,13,3,0,1,10,paid_search,ecommerce,False,0
58,507.98,16,5,1,1,9,paid_search,ecommerce,False,0
82,465.75,18,3,0,1,1,paid_search,services,True,1
91,281.79,12,2,0,0,26,referral,healthcare,True,0
60,1058.81,12,3,1,0,10,paid_search,finance,False,0
11,1127.86,16,2,3,0,12,organic,healthcare,False,1
152,2933.22,13,3,1,2,3,organic,services,False,0
76,269.45,11,4,0,0,38,outbound,services,False,0
21,959.53,11,2,0,0,89,outbound,healthcare,False,0
29,73.03,12,2,0,1,3,social,ecommerce,False,0
66,1128.95,12,4,0,0,17,paid_search,saas,False,0
94,114.83,5,6,0,1,16,outbound,healthcare,False,1
37,184.13,7,1,0,0,54,social,services,False,0
106,686.93,13,4,2,3,6,social,ecommerce,True,0
13,264.67,6,3,1,2,54,paid_search,saas,False,0
24,230.82,12,2,0,0,24,paid_search,ecommerce,False,0
10,303.44,8,2,0,3,57,organic,healthcare,False,1
27,1022.11,14,3,0,1,19,outbound,services,True,0
182,193.85,16,8,2,1,17,paid_search,saas,True,1
283,466.77,13,4,1,3,36,organic,healthcare,False,0
66,337.43,12,3,1,0,4,paid_search,finance,False,0
33,1118.66,12,4,0,0,0,referral,services,True,1
46,1150.47,10,3,0,1,14,organic,saas,False,0
80,78.63,10,6,0,2,87,outbound,services,False,0
16,1401.24,6,5,1,1,1,social,healthcare,True,1
35,267.53,7,5,2,2,30,social,finance,True,0
172,624.09,8,3,1,1,22,paid_search,saas,False,0
24,192.69,14,5,0,1,14,referral,healthcare,False,0
30,714.18,8,5,2,1,35,referral,healthcare,False,0
55,6319.21,4,7,2,2,30,referral,ecommerce,False,1
68,559.57,11,6,1,0,14,organic,ecommerce,False,0
33,311.11,11,4,0,1,2,paid_search,healthcare,False,0
58,390.66,18,6,0,0,113,organic,healthcare,False,0
89,113.41,15,6,2,2,3,referral,saas,False,1
262,2098.47,12,3,0,2,27,paid_search,ecommerce,False,0
49,673.77,11,2,0,1,15,organic,saas,False,0
53,172.62,13,3,0,0,5,organic,services,True,1
185,178.34,10,6,0,1,19,referral,services,False,0
35,500.34,10,4,1,3,22,organic,ecommerce,False,0
19,1251.37,17,2,1,2,24,outbound,saas,True,0
67,155.87,10,3,0,1,4,referral,saas,False,1
129,1500.28,13,3,2,3,13,paid_search,healthcare,False,0
73,449.6,12,5,0,2,5,referral,services,True,0
51,194.37,10,2,1,2,1,organic,healthcare,False,0
17,308.68,10,4,1,2,7,outbound,saas,False,0
52,2831.48,10,4,1,1,10,referral,saas,False,0
146,122.95,8,3,0,2,22,social,saas,True,0
20,237.01,8,1,0,0,12,organic,services,True,1
45,1277.4,13,6,1,0,13,referral,healthcare,False,0
40,611.83,15,5,0,0,5,referral,healthcare,True,0
31,223.35,12,3,1,0,3,outbound,ecommerce,False,0
67,1293.09,9,1,0,1,1,referral,services,True,0
78,1356.0,19,6,0,3,20,referral,ecommerce,True,1
77,686.35,12,3,1,0,5,paid_search,services,True,0
25,267.09,15,2,3,3,94,paid_search,services,False,1
15,311.59,10,2,1,1,4,referral,healthcare,False,0
67,655.03,11,4,3,2,14,paid_search,services,False,0
36,132.7,10,2,0,0,14,organic,ecommerce,False,0
238,1858.98,14,3,0,1,1,outbound,finance,False,1
247,2697.85,12,3,0,2,36,outbound,saas,False,0
268,389.18,18,0,1,0,25,organic,healthcare,False,0
26,703.53,13,3,0,2,19,referral,saas,True,1
86,1612.92,13,4,0,0,8,organic,saas,False,0
110,3482.69,12,2,1,0,10,social,saas,False,1
100,2337.84,6,6,2,3,1,paid_search,ecommerce,False,1
41,86.87,21,2,0,2,30,social,healthcare,False,0
152,359.4,13,7,0,1,21,social,ecommerce,False,0
55,812.97,19,4,0,0,17,social,ecommerce,False,0
60,300.6,10,8,0,0,2,organic,services,True,0
16,2930.03,14,5,0,3,34,outbound,services,False,0
91,2513.36,11,3,0,0,17,organic,saas,False,0
44,217.91,12,3,0,0,26,organic,ecommerce,True,0
79,418.89,14,7,1,2,10,referral,healthcare,False,1
66,232.86,19,5,1,1,1,paid_search,finance,False,0
63,405.4,17,5,2,0,31,outbound,ecommerce,False,0
53,393.3,12,2,0,0,36,outbound,finance,False,0
102,1279.54,15,4,0,0,15,paid_search,saas,False,0
47,202.66,11,4,0,3,1,outbound,ecommerce,False,0
17,35.99,9,1,1,1,103,paid_search,finance,False,0
86,99.03,9,5,2,0,6,referral,healthcare,False,1
29,176.21,12,5,0,1,125,paid_search,services,False,0
19,255.78,11,3,0,0,23,outbound,saas,False,0
24,594.18,15,6,3,3,39,organic,saas,False,0
68,167.37,9,4,1,1,9,organic,saas,True,0
51,146.77,14,5,0,0,15,paid_search,saas,False,1
10,194.52,15,3,2,3,24,outbound,saas,False,1
40,161.47,8,2,0,1,1,outbound,healthcare,True,0
139,283.02,8,1,0,1,41,social,healthcare,False,0
38,271.16,14,2,0,0,35,outbound,finance,False,0
48,981.48,13,8,0,1,1,outbound,ecommerce,False,0
126,183.18,17,7,1,1,1,referral,saas,False,0
103,344.61,9,6,0,2,12,paid_search,finance,False,0
124,285.71,16,5,0,0,14,social,saas,True,0
6,1106.42,6,3,0,0,56,social,services,False,0
219,422.3,13,1,0,2,0,paid_search,saas,False,1
91,1409.09,10,4,0,1,2,organic,healthcare,False,0
391,155.65,14,0,0,3,6,social,services,False,0
29,469.01,13,6,0,2,12,paid_search,healthcare,False,1
13,277.03,9,3,0,2,17,outbound,healthcare,True,0
55,144.6,14,3,0,0,14,organic,finance,True,1
44,460.58,6,2,0,1,46,organic,saas,False,1
92,2787.58,14,4,0,0,25,outbound,finance,False,1
129,210.0,12,10,1,0,8,organic,services,False,0
51,433.78,18,4,4,0,4,organic,services,False,1
45,132.66,4,2,0,2,77,referral,ecommerce,False,0
83,114.52,8,2,0,1,19,outbound,ecommerce,False,0
44,224.25,12,4,1,2,47,organic,finance,False,0
42,314.2,14,6,1,1,5,paid_search,healthcare,False,0
125,328.46,12,7,0,1,58,social,ecommerce,False,0
150,393.06,11,6,1,0,14,outbound,saas,False,0
130,94.79,8,5,0,0,39,referral,saas,False,1
48,263.5,6,1,0,0,2,organic,ecommerce,False,0
10,813.84,15,2,2,1,72,organic,saas,True,0
48,126.69,11,3,1,0,55,organic,saas,True,1
30,345.45,9,4,0,0,14,organic,saas,False,0
49,660.4,11,5,0,0,11,social,services,False,0
32,225.37,14,3,0,0,8,organic,saas,False,0
54,693.34,8,7,0,0,18,referral,saas,False,1
24,107.65,11,6,0,1,73,social,ecommerce,False,0
20,1198.05,14,4,1,3,11,referral,saas,False,1
145,710.38,14,4,1,0,3,organic,services,True,0
25,520.96,8,5,2,1,8,outbound,services,False,0
55,1517.5,10,4,0,1,17,social,ecommerce,False,0
117,354.48,7,4,0,2,6,social,ecommerce,False,0
113,265.64,7,6,0,3,27,organic,ecommerce,False,1
103,1944.08,9,2,1,0,24,organic,saas,False,1
70,3104.99,10,2,1,0,6,outbound,ecommerce,True,0
97,246.3,12,2,0,5,5,paid_search,saas,False,0
164,439.77,13,7,0,1,14,paid_search,saas,False,0
77,1401.14,14,4,0,3,32,referral,healthcare,False,0
13,455.71,12,2,0,0,2,social,saas,False,0
36,893.0,15,6,1,1,17,outbound,saas,True,1
95,1075.35,14,3,1,2,13,paid_search,healthcare,False,0
33,280.81,12,4,0,1,89,outbound,ecommerce,True,0
200,749.4,10,5,0,0,62,organic,saas,False,0
52,489.71,13,1,0,1,16,referral,saas,True,1
58,145.93,12,3,0,0,11,referral,saas,False,0
134,183.16,12,5,0,1,33,organic,saas,False,0
47,256.62,13,5,1,0,10,organic,services,True,0
63,1247.03,12,4,1,1,8,paid_search,services,False,0
112,1288.66,9,5,0,1,17,outbound,ecommerce,False,0
17,1043.06,9,6,1,3,11,referral,ecommerce,True,1
43,765.18,12,6,1,3,44,outbound,finance,False,0
106,744.58,11,0,0,3,24,outbound,healthcare,True,0
58,650.38,16,8,0,1,3,paid_search,saas,False,0
177,740.7,8,3,0,1,11,social,saas,True,0
15,792.63,13,2,0,1,47,organic,ecommerce,True,0
14,120.97,13,0,0,1,30,organic,healthcare,False,0
101,223.58,11,5,1,3,18,outbound,saas,True,1
109,176.1,12,5,0,0,29,social,ecommerce,True,0
47,1490.91,12,2,0,0,23,organic,ecommerce,True,0
75,2576.28,13,4,0,0,76,referral,ecommerce,False,0
99,56.31,15,4,1,1,75,referral,ecommerce,False,0
28,2356.22,17,5,0,1,28,outbound,finance,True,0
31,537.39,12,5,0,0,10,referral,healthcare,False,1
64,1356.58,7,3,0,2,2,paid_search,saas,False,0
113,817.68,20,3,1,0,1,paid_search,saas,False,1
21,2080.57,6,1,0,0,47,paid_search,services,True,0
47,607.74,10,2,0,0,30,social,healthcare,False,0
45,126.03,12,1,1,2,11,outbound,saas,False,0
76,443.33,12,4,0,1,18,paid_search,ecommerce,True,0
54,825.22,14,3,2,5,35,organic,services,False,1
35,397.04,13,0,1,2,20,organic,finance,False,0
148,951.21,10,4,1,1,10,social,services,True,1
35,461.42,19,5,1,0,24,outbound,healthcare,False,0
43,271.64,12,5,0,1,10,organic,ecommerce,False,0
15,166.34,12,2,0,1,16,organic,ecommerce,False,0
31,333.01,16,5,0,5,5,referral,saas,True,1
83,604.6,11,5,1,1,10,organic,finance,False,0
71,69.45,15,2,0,0,7,outbound,healthcare,False,1
88,225.86,12,3,1,1,25,paid_search,saas,False,0
85,66.91,9,6,0,2,23,organic,services,False,0
290,265.85,8,2,0,0,55,outbound,ecommerce,False,0
30,1631.6,11,5,0,4,49,organic,saas,False,0
15,150.49,16,3,1,1,26,paid_search,ecommerce,True,0
24,995.42,10,3,3,3,81,organic,services,False,0
31,8508.54,15,4,0,1,3,organic,services,False,1
25,2108.09,10,5,1,1,31,organic,healthcare,False,0
59,563.13,12,5,2,1,62,organic,services,False,0
149,1162.62,17,3,2,0,15,organic,services,False,0
187,125.25,17,2,1,0,45,organic,services,False,0
82,102.16,11,7,2,1,9,referral,services,True,0
303,507.09,10,5,0,0,15,social,ecommerce,False,0
41,734.07,12,4,1,1,23,paid_search,finance,False,0
15,1472.04,15,2,1,1,67,paid_search,healthcare,False,0
127,279.01,15,3,0,2,65,referral,finance,False,0
13,597.88,14,6,1,4,43,outbound,saas,False,0
30,577.73,13,7,1,0,3,outbound,finance,False,0
83,432.08,8,5,3,2,46,organic,services,False,0
50,458.3,12,3,0,2,98,organic,ecommerce,False,0
47,209.62,17,3,0,2,17,organic,services,True,1
21,651.78,11,1,1,3,22,organic,ecommerce,False,0
54,598.87,8,7,0,3,17,referral,saas,True,0
122,317.34,12,7,0,2,20,paid_search,saas,False,0
55,958.89,15,8,0,2,10,organic,finance,False,0
28,1377.23,5,6,1,2,90,paid_search,healthcare,False,0
20,970.08,16,5,0,1,5,referral,ecommerce,False,1
29,173.74,14,7,0,0,20,organic,healthcare,False,0
75,544.38,18,1,0,0,24,outbound,ecommerce,False,0
72,198.06,12,3,0,3,16,organic,ecommerce,True,1
29,542.7,10,2,1,0,5,outbound,services,False,0
9,198.83,8,4,1,0,36,organic,finance,False,0
76,1767.22,17,4,0,0,46,outbound,finance,False,0
27,1078.51,6,2,0,3,5,outbound,healthcare,True,1
95,1560.86,10,1,1,0,47,outbound,services,False,0
30,1410.53,15,4,2,2,18,outbound,saas,False,0
25,375.93,11,4,1,2,5,social,ecommerce,False,0
62,321.95,10,6,0,1,20,referral,saas,True,0
360,2812.2,14,5,1,3,13,social,healthcare,True,0
99,417.75,12,2,2,0,6,organic,healthcare,True,1
61,127.16,12,2,1,1,6,referral,finance,False,1
73,1349.47,13,2,0,2,34,referral,ecommerce,False,0
13,568.94,20,6,0,0,43,outbound,saas,False,1
22,2221.51,17,4,0,2,26,paid_search,healthcare,True,0
7,628.27,7,5,0,2,20,paid_search,services,False,0
218,482.99,8,6,2,0,75,referral,ecommerce,False,0
185,2266.79,14,3,0,1,2,paid_search,saas,True,1
75,105.8,21,5,1,0,2,organic,ecommerce,False,0
61,274.41,12,2,0,1,31,referral,ecommerce,True,0
16,202.88,6,4,0,3,2,paid_search,ecommerce,False,1
46,54.87,10,2,1,1,14,organic,ecommerce,False,0
229,1179.89,13,3,1,2,2,paid_search,healthcare,False,0
61,282.19,12,3,0,0,20,paid_search,ecommerce,False,0
35,1218.49,9,3,0,1,4,paid_search,ecommerce,False,0
13,727.12,12,4,0,2,9,paid_search,saas,True,0
165,904.28,15,3,0,0,45,social,services,False,0
52,312.5,11,6,1,3,0,paid_search,ecommerce,False,0
13,229.47,16,6,0,0,6,outbound,ecommerce,False,0
26,539.02,10,2,0,2,22,outbound,saas,False,1
20,1235.42,15,4,1,1,42,referral,healthcare,False,0
49,468.54,18,3,0,4,28,paid_search,services,False,0
64,244.22,15,5,0,1,37,referral,saas,True,0
37,148.56,6,4,0,2,57,outbound,saas,True,0
102,604.36,13,7,0,2,9,social,saas,True,0
58,283.14,16,5,0,0,3,outbound,healthcare,False,0
128,458.64,12,6,2,0,17,referral,services,False,1
41,388.08,9,2,1,1,13,referral,ecommerce,True,1
624,315.95,11,5,2,0,22,paid_search,ecommerce,False,1
35,661.03,8,2,0,0,10,social,finance,False,0
27,857.91,9,5,2,1,15,organic,finance,False,0
24,3516.7,15,1,0,0,3,social,saas,False,0
46,1051.49,11,3,0,1,114,outbound,saas,False,0
14,2425.23,13,8,2,1,25,organic,ecommerce,False,1
69,217.33,15,5,0,2,29,referral,finance,False,0
12,99.39,12,5,0,2,153,organic,finance,False,0
62,485.69,12,4,1,2,11,social,finance,False,0
19,1162.15,18,5,1,0,43,organic,services,False,1
40,993.43,10,3,0,1,14,outbound,ecommerce,True,1
89,1654.71,9,1,0,1,55,organic,ecommerce,True,0
345,39.0,9,2,0,0,2,outbound,saas,False,0
23,1724.99,13,3,1,0,9,outbound,services,False,0
48,689.15,7,5,2,2,6,referral,healthcare,True,1
31,105.21,15,7,1,0,6,social,ecommerce,False,1
27,1015.9,18,4,1,1,11,social,saas,False,0
31,583.76,9,5,2,0,18,outbound,finance,False,1
106,721.43,14,7,0,0,4,paid_search,finance,False,0
37,1338.24,14,3,2,0,46,referral,finance,False,1
330,757.69,9,4,0,2,18,organic,saas,False,0
76,112.98,13,3,0,2,19,referral,services,False,1
24,427.08,9,6,1,0,6,organic,finance,True,1
41,97.74,15,3,0,0,30,referral,finance,True,1
29,943.0,5,2,1,1,3,referral,finance,False,0
104,1994.14,16,4,2,1,40,paid_search,services,True,1
15,142.39,12,3,0,1,19,referral,services,True,0
19,251.78,7,5,0,3,2,social,healthcare,False,0
34,203.9,10,4,0,1,6,social,ecommerce,False,0
94,312.97,12,6,0,0,16,referral,ecommerce,True,0
146,744.28,11,4,1,0,10,referral,services,False,0
165,316.38,8,5,1,0,24,outbound,healthcare,True,1
83,946.27,12,5,0,2,9,organic,saas,False,1
51,1429.93,9,4,1,1,38,organic,saas,False,0
103,1482.91,9,4,0,2,26,organic,services,False,0
22,161.07,16,4,0,2,19,social,services,True,1
12,1970.28,13,3,0,1,40,paid_search,services,False,0
77,2134.68,8,4,1,1,5,social,ecommerce,False,0
24,2327.8,12,4,0,1,19,social,finance,False,1
52,420.81,7,3,1,0,38,paid_search,services,False,0
60,232.33,12,7,0,1,13,outbound,ecommerce,False,0
67,184.15,15,1,0,1,7,social,saas,False,1
116,163.73,19,2,1,2,8,paid_search,services,False,0
106,498.54,16,3,0,0,17,paid_search,saas,True,0
64,1150.38,11,1,0,1,19,paid_search,healthcare,True,0
38,1819.94,6,3,1,2,10,organic,finance,False,0
60,303.22,12,4,0,2,48,organic,finance,False,0
34,474.05,13,5,1,2,5,outbound,ecommerce,False,1
47,443.99,21,2,0,2,4,paid_search,finance,False,0
443,261.05,15,1,1,1,40,paid_search,saas,False,1
63,1028.39,15,7,0,0,18,social,services,False,0
78,708.29,9,2,1,0,30,referral,saas,False,1
31,567.83,17,3,1,1,28,outbound,finance,False,1
123,705.08,13,3,2,1,0,social,finance,False,0
100,911.83,11,4,0,2,9,referral,saas,True,1
101,902.74,14,4,0,0,12,paid_search,saas,False,0
65,213.05,6,4,2,0,24,outbound,finance,True,1
125,1207.53,13,2,1,1,36,social,saas,False,0
151,636.11,16,2,0,0,2,outbound,saas,False,0
68,319.06,20,2,2,0,46,organic,ecommerce,True,0
50,622.8,16,3,0,3,29,outbound,services,True,0
112,695.39,16,3,0,0,6,referral,healthcare,True,0
26,1453.58,10,6,1,1,22,organic,ecommerce,False,0
31,173.1,15,6,1,0,6,referral,services,False,0
52,1853.78,13,3,0,1,45,social,ecommerce,False,0
14,504.3,11,3,1,0,28,organic,ecommerce,False,1
106,297.03,13,4,0,3,10,paid_search,ecommerce,False,0
25,288.08,12,5,4,1,1,outbound,ecommerce,True,0
37,181.02,15,5,0,1,116,paid_search,ecommerce,False,0
46,86.41,12,3,0,2,6,paid_search,finance,False,1
56,970.1,16,2,0,2,36,paid_search,saas,True,0
41,3572.02,16,5,1,2,0,paid_search,finance,False,1
52,97.75,17,2,0,0,21,outbound,saas,False,0
52,190.48,16,6,1,2,24,social,ecommerce,False,0
38,1044.8,11,5,0,0,20,organic,saas,False,0
29,470.77,6,3,1,0,1,outbound,healthcare,False,1
130,1135.04,13,4,1,2,60,outbound,finance,False,0
10,445.09,3,2,1,1,2,paid_search,ecommerce,False,1
46,275.72,17,6,1,1,14,outbound,saas,False,0
38,393.14,7,3,0,1,9,organic,saas,False,0
76,45.51,8,1,0,3,28,outbound,services,False,0
17,157.04,14,6,1,1,1,social,ecommerce,False,0
37,1271.92,13,3,0,0,19,social,finance,True,1
50,1622.79,10,4,2,1,12,organic,ecommerce,False,1
129,2010.55,13,3,3,1,64,outbound,saas,False,1
71,765.76,16,5,0,1,4,organic,finance,True,1
21,51.62,11,5,0,0,50,organic,ecommerce,False,0
37,261.12,11,2,2,0,22,organic,saas,True,1
111,1853.18,14,1,1,0,16,social,services,False,0
21,2497.52,9,6,1,1,9,organic,saas,False,0
51,1924.94,11,4,1,2,4,outbound,ecommerce,False,0
54,389.07,16,4,0,1,41,social,ecommerce,True,0
40,133.41,10,3,1,0,23,organic,healthcare,False,0
472,473.13,8,7,0,4,28,organic,finance,True,0
39,500.1,11,6,0,1,9,organic,saas,False,0
78,2357.99,6,5,0,1,6,referral,services,False,0
30,618.81,17,3,0,3,14,outbound,healthcare,False,0
83,501.04,13,4,0,4,7,organic,services,False,0
110,530.33,12,2,1,1,29,outbound,services,False,0
34,734.99,11,2,1,0,70,organic,services,False,0
52,921.9,15,2,2,2,22,outbound,healthcare,False,0
27,238.76,17,5,1,0,35,outbound,ecommerce,True,0
22,171.12,9,5,0,1,1,social,ecommerce,False,0
125,1940.22,10,5,1,2,180,social,finance,True,0
35,95.48,20,4,0,4,26,outbound,ecommerce,False,0
8,2534.49,7,5,1,2,17,organic,finance,True,0
224,72.92,11,5,3,2,17,organic,saas,False,1
29,274.64,12,4,2,2,65,organic,services,True,0
45,1302.26,9,2,0,1,2,referral,saas,False,0
203,492.92,8,3,0,1,3,social,services,False,0
49,132.1,15,3,1,0,54,referral,saas,False,0
48,754.78,7,7,1,1,28,outbound,saas,False,0
20,526.9,13,8,0,0,21,organic,services,False,0
15,397.01,18,5,2,3,6,social,services,False,1
48,264.03,14,9,0,1,3,organic,finance,False,0
73,475.99,7,3,1,1,14,paid_search,services,True,0
70,275.36,16,8,0,0,6,social,ecommerce,False,0
37,5622.51,11,2,2,0,43,outbound,services,False,0
55,387.6,18,3,3,0,2,referral,ecommerce,False,0
13,339.08,13,5,1,0,54,organic,healthcare,True,0
79,286.68,15,6,0,2,25,referral,ecommerce,False,0
62,2913.04,14,1,1,0,55,organic,saas,False,0
265,95.67,9,7,0,1,14,outbound,healthcare,False,0
55,705.87,13,4,0,1,24,social,finance,False,0
26,387.89,14,6,0,2,44,organic,saas,False,0
52,118.7,8,2,2,2,56,organic,services,False,1
42,217.22,8,5,2,3,53,organic,healthcare,False,0
77,676.51,13,7,1,2,7,outbound,saas,True,1
56,207.6,14,5,1,1,127,paid_search,healthcare,False,0
20,638.78,9,0,1,0,8,social,saas,False,0
15,2777.07,14,7,1,1,1,referral,saas,True,1
67,584.41,11,4,0,2,10,referral,finance,True,1
165,115.18,10,4,1,1,23,organic,saas,False,1
58,211.28,21,7,0,3,40,outbound,saas,False,0
105,370.4,17,3,1,2,52,paid_search,finance,False,0
123,346.46,13,3,0,3,42,referral,saas,False,0
68,573.65,10,6,0,0,50,social,services,True,0
28,673.47,15,2,0,0,3,referral,finance,False,0
64,2780.89,11,4,2,0,34,outbound,saas,True,0
143,490.92,15,6,0,0,4,organic,healthcare,True,1
83,155.68,13,3,1,1,5,referral,saas,False,1
99,1562.13,11,3,0,0,13,paid_search,healthcare,False,0
38,1742.41,10,3,0,1,15,referral,saas,False,0
46,621.69,5,1,1,0,1,organic,services,True,0
50,385.14,14,2,1,2,48,organic,saas,False,0
52,918.32,8,2,0,0,20,paid_search,finance,True,0
139,398.98,19,4,0,2,2,paid_search,saas,False,0
8,63.07,11,4,1,1,31,paid_search,saas,False,1
56,865.64,7,4,2,2,22,referral,ecommerce,False,1
51,1202.61,22,4,0,2,11,referral,healthcare,False,0
18,2082.01,8,3,1,1,19,paid_search,services,False,0
93,237.28,8,4,2,0,6,paid_search,saas,False,0
31,617.8,14,6,0,2,18,organic,saas,False,0
41,631.31,9,8,2,2,26,referral,ecommerce,True,1
240,536.67,7,3,1,3,33,paid_search,ecommerce,False,0
122,552.72,15,2,1,2,19,organic,services,False,1
86,511.39,13,3,0,1,21,paid_search,services,False,0
74,608.96,13,2,1,0,16,referral,services,False,1
48,1033.47,15,8,2,1,13,organic,saas,False,1
270,1669.51,15,8,1,2,11,referral,ecommerce,False,1
104,231.29,12,5,1,0,26,referral,finance,False,0
30,414.76,13,4,0,2,10,social,ecommerce,True,0
18,322.92,11,2,0,1,7,referral,finance,False,0
86,279.87,6,2,1,2,34,social,saas,False,0
52,97.9,12,5,2,2,1,paid_search,ecommerce,False,0
17,504.83,16,7,0,1,24,social,services,True,0
77,795.78,11,5,0,1,3,referral,ecommerce,False,0
44,421.96,12,7,1,0,21,paid_search,services,True,0
83,488.35,14,1,2,1,38,referral,ecommerce,True,1
78,748.77,10,4,0,1,38,paid_search,saas,False,1
34,2020.54,16,3,0,2,17,referral,ecommerce,False,0
91,323.84,11,7,1,0,6,social,saas,False,0
37,152.69,12,3,0,1,3,outbound,healthcare,True,0
39,450.14,4,4,0,1,23,outbound,saas,False,0
36,3240.75,12,6,2,4,54,referral,healthcare,False,1
135,154.33,11,3,0,0,16,referral,services,True,0
44,944.01,13,5,0,0,4,social,ecommerce,False,0
164,1568.56,15,4,0,2,31,paid_search,saas,False,0
227,46.27,18,5,1,1,28,outbound,ecommerce,False,0
30,742.65,11,2,0,0,75,referral,finance,False,0
5,900.91,12,5,2,2,108,organic,healthcare,False,0
126,377.16,7,9,2,1,3,organic,saas,False,1
42,258.16,15,2,1,0,15,outbound,healthcare,True,1
27,272.96,10,2,1,2,36,organic,ecommerce,False,1
34,354.76,17,5,0,0,24,paid_search,ecommerce,False,0
39,364.27,15,1,0,0,22,paid_search,saas,False,0
154,301.64,13,6,0,2,2,organic,services,False,1
62,349.16,6,6,1,0,7,paid_search,saas,False,1
152,1620.99,16,5,1,3,9,social,saas,False,0
81,146.29,12,3,1,0,11,organic,saas,False,0
43,85.71,15,8,1,1,43,outbound,healthcare,True,0
40,1647.12,8,1,0,1,13,outbound,ecommerce,False,0
86,406.66,7,0,0,1,18,paid_search,saas,False,0
105,334.21,13,1,1,1,42,organic,ecommerce,False,0
121,440.88,13,7,1,1,12,referral,finance,False,1
44,607.45,8,2,1,3,12,organic,ecommerce,False,0
63,291.77,13,5,0,0,7,paid_search,services,False,0
87,817.24,9,5,1,0,1,outbound,ecommerce,False,0
40,188.24,10,2,0,3,26,outbound,saas,False,0
22,364.37,9,3,2,0,43,social,services,False,0
29,53.8,10,2,0,2,3,paid_search,services,False,0
45,1591.19,15,5,0,0,17,social,ecommerce,True,0
93,413.19,6,7,0,2,22,social,services,True,0
149,963.05,12,4,1,0,12,paid_search,healthcare,False,0
18,793.6,19,5,2,0,3,referral,ecommerce,True,1
34,853.9,8,2,0,0,28,organic,services,False,0
41,488.93,12,4,0,1,2,organic,finance,False,0
103,726.49,9,3,0,0,3,referral,ecommerce,True,1
36,188.43,13,5,0,4,6,organic,healthcare,False,1
39,152.75,8,6,0,0,27,organic,ecommerce,False,0
18,445.36,12,2,2,1,45,outbound,saas,False,0
80,249.69,8,4,0,2,22,outbound,services,False,0
48,2049.73,13,3,1,0,57,referral,healthcare,False,1
32,717.05,15,6,0,2,148,outbound,healthcare,False,0
44,240.69,9,2,2,1,4,outbound,healthcare,False,0
135,375.58,11,7,2,0,3,organic,healthcare,True,1
24,562.85,17,3,1,0,12,paid_search,ecommerce,False,0
28,460.35,9,4,0,0,44,paid_search,services,False,0
149,646.61,14,3,1,2,48,organic,healthcare,False,0
58,527.77,12,0,0,1,0,social,finance,False,1
93,122.65,17,4,0,2,8,paid_search,ecommerce,True,0
75,57.35,11,6,1,0,7,paid_search,ecommerce,True,0
53,339.13,12,3,1,2,5,organic,saas,False,0
41,863.07,13,8,1,0,17,organic,ecommerce,False,0
106,342.97,19,0,0,0,89,outbound,saas,False,0
138,1696.91,17,7,0,1,1,organic,finance,True,0
130,470.18,17,1,0,1,16,organic,services,False,1
21,1914.47,12,6,0,2,4,paid_search,ecommerce,True,1
155,1559.16,9,4,0,4,22,referral,ecommerce,True,1
41,1409.92,15,5,0,1,14,referral,finance,False,0
30,147.89,10,4,3,1,12,referral,saas,False,1
48,501.27,11,4,0,0,5,organic,services,True,0
106,1673.67,11,3,0,1,29,organic,ecommerce,False,0
84,647.0,15,8,0,2,6,outbound,saas,True,1
45,857.79,12,1,0,2,30,referral,saas,False,0
107,122.99,12,5,0,0,8,referral,services,True,0
61,3356.96,9,2,0,1,31,social,saas,False,0
35,223.32,12,3,2,3,3,social,finance,False,0
31,67.06,11,7,0,0,13,organic,saas,False,1
76,346.84,8,3,0,1,23,paid_search,saas,False,0
51,42.63,12,6,1,2,0,referral,services,False,1
18,166.48,15,3,0,1,2,paid_search,saas,False,0
108,6364.63,9,3,0,3,41,outbound,saas,True,0
37,336.96,7,4,0,3,4,referral,healthcare,True,1
195,118.18,12,5,0,0,6,social,services,False,0
18,505.37,15,4,1,2,0,outbound,ecommerce,True,1
47,200.78,15,7,1,0,15,referral,saas,False,1
31,1169.72,12,3,1,2,5,outbound,services,False,0
25,202.44,9,3,0,1,63,referral,finance,False,0
37,645.96,8,8,0,1,1,outbound,services,True,1
225,156.48,8,1,0,0,99,paid_search,finance,False,0
61,6627.8,5,4,2,0,8,referral,finance,True,1
29,815.36,14,4,1,1,10,referral,ecommerce,True,0
13,426.02,14,3,1,1,98,organic,ecommerce,False,0
14,367.62,11,6,0,1,5,paid_search,finance,True,1
36,283.27,13,5,1,1,1,outbound,finance,True,1
33,230.23,12,2,0,1,53,referral,services,False,0
46,223.99,9,6,1,0,12,organic,healthcare,True,0
9,2639.46,17,5,0,0,24,paid_search,ecommerce,False,0
51,283.55,8,3,0,1,40,organic,healthcare,False,0
124,58.59,9,4,1,1,5,organic,healthcare,False,0
200,153.55,18,7,1,0,3,outbound,ecommerce,False,0
12,1246.04,10,4,1,2,0,paid_search,finance,True,1
29,382.86,14,3,0,0,58,paid_search,healthcare,False,0
28,430.92,10,3,0,0,9,referral,saas,False,0
61,1587.34,10,0,0,3,56,organic,healthcare,True,1
21,226.52,14,5,1,2,101,paid_search,healthcare,True,0
210,927.43,15,4,1,0,2,social,services,False,0
57,252.68,10,6,0,0,2,referral,ecommerce,True,0
49,876.45,17,1,0,0,6,outbound,healthcare,False,0
195,333.24,12,6,0,2,90,referral,healthcare,False,0
54,387.01,12,4,0,1,6,referral,healthcare,True,0
75,1118.94,7,11,1,0,40,social,saas,False,0
30,1041.09,9,6,1,1,46,outbound,services,False,0
18,417.62,8,2,0,1,8,social,services,True,0
34,307.47,13,7,1,0,6,outbound,healthcare,False,0
314,2438.52,13,4,1,3,22,social,healthcare,False,0
91,888.32,11,2,0,0,18,outbound,saas,False,0
68,333.24,7,3,0,2,30,organic,healthcare,True,0
25,256.45,12,2,0,3,72,social,ecommerce,False,0
113,1373.2,9,0,1,2,1,paid_search,finance,True,0
18,553.02,12,4,0,0,87,referral,saas,False,0
16,418.4,10,5,0,1,38,social,finance,False,0
35,552.79,12,5,0,0,53,outbound,ecommerce,True,0
261,690.76,11,4,1,1,12,outbound,finance,False,0
249,465.59,15,5,1,1,13,paid_search,healthcare,True,1
38,1642.03,3,2,1,2,17,social,saas,True,0
32,1736.0,13,2,1,0,15,social,ecommerce,False,0
15,838.73,11,5,1,2,1,paid_search,services,False,0
58,1948.31,11,4,0,0,18,organic,healthcare,False,0
62,496.95,8,5,0,0,2,organic,saas,True,0
103,982.73,19,4,1,0,11,social,ecommerce,False,0
113,1345.41,7,2,0,0,26,referral,ecommerce,False,0
47,1365.18,13,3,1,1,18,outbound,healthcare,False,0
85,1231.51,8,3,0,2,17,paid_search,healthcare,True,0
31,926.29,9,4,0,2,35,outbound,saas,False,0
84,3488.15,13,1,0,0,31,paid_search,healthcare,False,0
36,287.24,13,3,2,2,20,social,finance,True,1
79,421.9,11,7,0,2,23,organic,finance,True,1
74,397.62,11,3,2,0,2,referral,saas,False,1
58,341.02,10,6,2,2,13,outbound,ecommerce,False,1
103,67.44,8,3,2,1,21,outbound,ecommerce,False,0
16,1948.6,12,4,0,0,15,outbound,saas,True,1
23,176.61,6,6,0,0,47,organic,ecommerce,True,0
44,583.95,12,8,0,0,20,paid_search,saas,False,0
17,118.88,5,1,0,0,21,organic,saas,True,0
39,916.64,14,5,0,1,25,organic,finance,False,0
40,224.66,22,4,0,2,7,social,ecommerce,False,0
156,158.23,10,6,0,1,70,social,finance,False,0
61,598.45,12,4,1,0,47,social,saas,True,0
124,244.51,12,3,1,1,56,outbound,healthcare,False,0
70,277.51,10,4,0,0,15,social,ecommerce,True,1
36,585.1,14,2,1,1,43,outbound,finance,False,0
61,1096.62,12,6,0,1,8,organic,finance,False,0
98,217.37,11,3,0,0,8,organic,ecommerce,False,0
142,182.88,13,2,1,1,19,referral,healthcare,False,0
49,504.46,9,3,0,1,41,outbound,saas,False,0
15,844.93,5,3,0,2,6,organic,healthcare,False,0
14,2127.61,15,4,2,2,3,referral,saas,True,1
42,168.79,13,6,1,1,20,social,ecommerce,True,1
8,358.54,11,4,1,1,32,organic,saas,True,1
230,1596.85,15,2,0,0,44,paid_search,services,True,0
88,3544.29,15,5,0,2,36,outbound,ecommerce,False,0
33,182.53,17,9,2,0,28,social,healthcare,False,0
22,235.38,11,3,0,0,2,organic,ecommerce,False,1
124,721.33,11,7,0,1,12,outbound,ecommerce,False,1
22,276.51,10,3,0,1,37,paid_search,saas,False,0
24,230.62,16,7,1,1,19,outbound,services,False,1
30,629.21,10,6,0,0,18,paid_search,finance,False,0
60,2320.23,16,5,0,0,2,referral,saas,False,0
90,133.02,11,0,0,2,69,paid_search,finance,True,0
142,2204.67,18,5,0,0,18,paid_search,ecommerce,False,0
126,277.34,14,7,1,1,23,outbound,saas,False,0
55,696.31,10,4,1,1,116,organic,healthcare,True,0
124,2418.37,11,7,2,1,29,organic,saas,True,1
32,682.2,15,4,0,0,30,paid_search,saas,True,1
13,365.95,8,8,0,0,21,social,finance,False,0
32,1010.47,11,4,0,3,48,outbound,ecommerce,False,0
29,414.4,14,3,0,2,5,outbound,services,True,0
33,829.94,14,4,1,1,28,paid_search,finance,False,0
25,401.54,16,4,0,4,49,paid_search,services,False,0
38,1165.79,14,7,0,0,16,organic,healthcare,False,0
90,122.21,16,4,0,2,25,referral,services,False,1
215,178.84,11,3,0,0,36,outbound,ecommerce,False,0
14,120.43,10,3,1,2,33,social,healthcare,False,0
19,465.71,16,4,0,1,16,referral,healthcare,False,0
29,106.75,15,2,0,2,2,paid_search,services,False,0
101,246.7,18,5,2,0,79,outbound,saas,False,0
46,162.79,16,1,0,2,38,referral,healthcare,False,1
31,2163.92,18,3,3,1,14,organic,finance,False,1
97,182.97,12,4,1,1,70,paid_search,ecommerce,True,0
117,136.11,12,6,2,0,41,organic,services,False,1
54,631.65,14,1,2,1,9,organic,ecommerce,False,0
28,2661.97,16,6,1,0,23,organic,saas,False,1
68,438.75,16,7,0,0,0,paid_search,healthcare,False,0
45,474.03,12,10,0,1,4,referral,ecommerce,False,0
45,1791.41,6,4,0,2,31,paid_search,saas,False,1
36,1185.87,13,6,0,1,12,paid_search,saas,False,0
114,754.02,18,5,1,0,23,outbound,saas,True,1
67,275.24,11,4,1,2,19,social,finance,False,1
125,777.4,8,6,0,0,47,referral,services,False,1
159,126.37,24,4,0,1,24,paid_search,healthcare,True,1
79,264.1,15,2,0,1,35,outbound,saas,False,0
36,2062.06,12,2,1,2,17,organic,healthcare,False,0
125,1811.65,19,2,0,1,28,paid_search,services,True,1
79,763.17,18,1,1,0,13,outbound,finance,False,1
438,71.57,15,6,0,1,5,referral,ecommerce,False,0
70,147.2,12,3,0,0,3,social,saas,False,0
95,249.77,10,4,1,2,9,referral,services,False,0
69,415.01,10,3,1,0,29,social,services,False,0
50,141.12,7,3,0,0,4,paid_search,saas,False,1
44,385.17,8,5,2,0,5,organic,services,False,0
69,2885.04,7,2,0,1,30,paid_search,saas,True,1
83,735.71,10,2,1,2,17,organic,saas,False,0
137,613.28,19,7,0,1,6,outbound,finance,False,0
70,178.12,17,4,1,1,4,paid_search,healthcare,False,0
38,95.68,15,6,0,1,13,referral,ecommerce,True,0
42,144.29,8,2,0,1,23,social,services,True,0
19,91.89,20,2,1,1,4,social,services,False,0
206,531.15,15,6,1,0,20,paid_search,saas,True,1
35,723.34,18,3,0,2,50,referral,healthcare,True,0
118,187.67,10,5,0,0,5,outbound,finance,False,0
68,571.3,9,9,1,2,37,social,healthcare,False,0
70,2140.93,14,4,0,1,22,outbound,services,True,0
50,3490.14,13,3,1,1,45,outbound,finance,True,0
29,1064.66,8,2,0,0,9,social,saas,False,0
25,413.71,11,4,2,2,22,organic,saas,False,1
218,1030.81,9,4,0,2,1,referral,services,False,0
60,1904.19,15,6,1,2,5,organic,services,False,0
134,66.21,9,6,0,0,30,social,saas,False,0
165,2169.1,10,4,0,1,33,outbound,saas,False,0
39,285.83,4,2,1,1,14,referral,finance,False,0
77,288.6,10,2,0,0,22,paid_search,saas,False,0
57,345.53,8,8,2,3,11,organic,saas,True,1
22,678.64,15,4,1,0,22,outbound,services,True,0
47,162.19,16,1,0,1,52,organic,services,True,0
87,370.62,13,4,0,0,37,organic,services,True,0
37,833.2,14,5,1,0,52,organic,finance,False,0
42,613.13,12,5,1,2,17,organic,ecommerce,True,0
48,721.13,11,3,1,3,9,paid_search,services,True,0
296,356.39,8,2,3,3,34,referral,ecommerce,False,1
13,986.05,16,6,0,1,31,paid_search,ecommerce,False,0
82,1417.17,6,4,2,1,28,organic,services,False,0
45,1334.67,13,4,0,0,4,organic,finance,False,0
33,755.67,13,3,0,0,11,paid_search,services,False,0
44,1260.03,3,3,1,0,4,organic,saas,False,0
93,1177.4,15,0,0,1,21,social,services,True,1
97,7161.74,12,5,0,4,10,organic,healthcare,False,0
63,1665.81,8,0,1,1,7,paid_search,finance,False,0
131,450.9,10,12,1,1,142,paid_search,services,False,1
151,198.01,10,7,0,1,21,paid_search,ecommerce,True,0
105,379.5,12,1,1,1,22,organic,finance,False,0
35,353.62,10,7,2,2,56,organic,healthcare,False,1
81,821.74,15,2,0,2,50,outbound,finance,False,1
81,244.63,7,2,0,1,1,organic,services,False,0
28,1623.24,8,1,0,2,95,referral,finance,False,0
16,122.79,10,6,0,1,57,referral,saas,True,0
11,96.3,9,4,1,3,14,paid_search,saas,False,0
58,430.47,16,3,1,0,13,paid_search,services,False,1
69,212.18,7,4,1,1,2,social,services,False,0
21,140.02,15,5,0,0,11,outbound,services,True,0
126,260.59,19,6,0,0,43,paid_search,saas,False,0
62,230.1,13,4,2,0,102,paid_search,ecommerce,False,0
161,497.77,12,3,1,0,35,organic,finance,True,0
73,264.95,10,1,1,1,55,referral,finance,True,1
23,287.4,16,0,0,0,4,social,saas,True,0
79,490.36,15,9,1,2,58,organic,healthcare,False,0
93,1358.64,14,6,2,0,2,paid_search,saas,False,1
35,2144.68,14,5,0,1,1,outbound,healthcare,False,0
17,571.22,12,4,0,1,8,organic,saas,True,0
59,617.42,12,6,0,0,65,paid_search,saas,False,0
25,410.27,10,3,1,3,0,social,saas,False,0
134,797.31,9,3,0,1,34,organic,services,False,0
39,727.94,6,7,0,0,23,organic,finance,True,1
217,1855.39,9,3,1,0,5,organic,services,False,0
10,74.54,8,6,1,1,0,outbound,ecommerce,True,0
61,389.75,10,3,0,1,29,organic,ecommerce,False,0
171,691.73,17,6,1,0,7,organic,ecommerce,True,1
27,479.97,14,4,1,0,43,organic,healthcare,True,0
48,192.64,14,5,0,2,127,organic,ecommerce,False,0
40,134.37,12,6,1,1,47,referral,finance,False,1
32,1103.59,9,4,0,1,104,organic,services,True,0
66,231.15,14,3,0,0,12,referral,services,False,0
19,85.21,11,4,1,0,21,referral,saas,False,1
50,1160.46,7,0,0,2,2,outbound,healthcare,False,0
82,779.76,12,2,0,2,19,organic,saas,False,0
46,438.84,9,2,2,0,22,outbound,saas,False,0
25,197.44,11,5,0,0,53,referral,finance,True,0
124,439.9,11,2,0,2,7,organic,healthcare,False,0
98,1661.69,11,3,0,0,33,social,finance,False,0
24,98.03,12,3,0,1,3,outbound,saas,True,0
19,103.13,20,1,2,0,16,paid_search,services,True,1
25,263.02,12,4,0,0,1,outbound,services,False,0
84,479.79,12,8,1,0,0,paid_search,ecommerce,False,1
68,299.98,15,12,0,0,5,referral,services,False,0
103,937.12,14,5,0,3,76,outbound,saas,False,0
42,1463.86,13,8,1,2,3,paid_search,finance,False,0
26,651.17,11,6,1,3,38,outbound,services,True,0
114,863.02,14,4,0,1,29,paid_search,services,False,1
35,646.84,11,5,0,0,21,social,services,False,0
63,497.46,15,1,1,0,37,referral,ecommerce,False,0
16,135.16,9,2,0,0,8,organic,services,False,0
35,176.27,11,7,0,3,5,paid_search,finance,False,0
122,127.62,9,4,1,1,14,paid_search,saas,False,0
31,424.75,17,7,0,0,0,organic,saas,False,0
105,621.59,3,4,1,1,9,organic,finance,False,1
8,115.67,13,6,1,1,34,paid_search,healthcare,False,0
35,529.85,8,5,0,1,2,organic,healthcare,False,0
48,205.36,13,5,0,3,13,organic,services,True,0
220,169.15,11,5,1,1,40,social,finance,True,1
21,263.66,17,6,0,1,6,social,ecommerce,False,0
93,160.7,11,3,0,1,19,social,ecommerce,True,0
127,903.85,10,2,0,1,7,paid_search,healthcare,False,0
31,416.55,11,3,0,0,21,outbound,finance,True,1
40,1113.44,10,4,2,0,15,referral,healthcare,False,1
61,316.24,7,9,1,0,5,organic,healthcare,False,0
17,328.43,9,3,0,0,26,organic,finance,True,0
38,3207.93,7,5,0,0,34,social,finance,False,0
152,97.22,13,2,0,0,53,organic,services,False,0
83,1780.2,12,2,0,1,7,referral,saas,False,0
48,2577.37,8,4,1,0,25,outbound,finance,False,0
60,1059.78,15,0,1,0,59,organic,healthcare,True,0
87,354.08,7,8,2,0,5,organic,saas,False,0
101,2052.68,6,5,0,0,1,outbound,finance,False,0
35,357.18,11,2,1,0,1,referral,finance,False,0
186,243.28,14,3,1,0,8,organic,healthcare,False,0
157,334.2,13,2,0,0,3,outbound,finance,False,0
94,278.61,11,3,1,1,20,outbound,ecommerce,False,0
28,191.21,17,5,2,2,24,referral,saas,False,1
24,1495.19,13,3,0,0,26,referral,ecommerce,False,0
42,227.36,13,7,1,1,11,paid_search,ecommerce,False,0
57,478.35,7,3,0,4,7,organic,finance,True,1
13,116.31,14,3,0,1,40,referral,services,False,0
81,508.17,14,5,1,1,55,paid_search,finance,True,1
153,155.1,15,4,0,0,46,social,saas,False,0
87,151.34,11,3,1,0,12,outbound,ecommerce,False,0
32,441.74,13,5,0,1,4,organic,saas,False,1
29,1417.96,12,4,0,2,3,referral,finance,True,1
69,765.41,11,2,0,0,25,organic,saas,False,0
48,819.85,12,3,0,0,14,outbound,healthcare,False,0
78,432.72,11,0,0,0,2,paid_search,finance,False,0
88,352.26,12,5,1,0,44,referral,finance,False,1
131,1086.96,13,5,1,1,37,referral,ecommerce,False,1
22,280.57,9,6,0,1,5,paid_search,ecommerce,False,0
65,1135.05,13,6,2,2,28,social,finance,False,1
41,1695.86,15,1,1,1,36,social,healthcare,False,1
50,212.43,14,7,0,1,12,referral,saas,False,1
109,246.05,5,2,1,0,1,social,services,False,0
119,285.52,15,6,1,0,10,outbound,healthcare,True,0
167,113.64,15,1,1,1,48,paid_search,healthcare,False,0
77,308.15,14,3,0,1,26,referral,saas,True,0
50,1810.67,9,4,0,2,29,organic,ecommerce,False,0
45,173.2,13,4,0,1,12,social,ecommerce,False,0
14,1854.18,10,6,0,2,39,referral,ecommerce,False,0
159,319.44,10,1,1,1,11,paid_search,healthcare,False,0
42,4080.75,17,1,0,1,19,organic,ecommerce,False,0
82,249.18,15,3,1,0,91,outbound,services,False,0
94,426.67,12,1,1,1,5,paid_search,services,False,0
20,198.31,15,2,2,0,6,social,saas,True,0
26,247.72,11,4,0,0,51,organic,saas,False,0
188,1878.41,13,4,1,0,17,outbound,finance,False,0
69,791.98,11,6,2,3,3,organic,services,True,1
34,1378.59,20,5,1,0,24,organic,services,False,0
49,132.21,12,5,1,0,35,outbound,saas,False,0
130,948.45,7,7,0,1,45,outbound,ecommerce,False,0
115,186.52,15,2,2,2,53,organic,saas,True,1
17,129.37,11,2,0,2,27,paid_search,services,False,1
202,625.63,19,2,0,1,7,social,healthcare,False,0
118,619.27,16,4,0,0,12,outbound,healthcare,False,0
48,519.75,10,3,0,0,3,paid_search,healthcare,False,0
21,1009.85,6,0,1,0,23,referral,ecommerce,False,1
127,1180.35,11,6,0,2,4,social,healthcare,False,1
80,2142.5,13,1,1,0,14,social,saas,False,0
17,149.85,15,5,1,2,20,social,healthcare,True,1
45,2212.81,11,4,0,2,13,referral,finance,True,1
666,3236.71,9,7,0,1,62,organic,finance,True,0
55,341.64,9,0,2,0,4,outbound,ecommerce,True,0
30,92.9,12,5,2,1,2,outbound,services,False,0
24,123.53,13,5,0,2,1,social,finance,False,0
225,310.49,11,2,0,1,17,organic,saas,True,0
108,3692.8,15,3,1,1,49,organic,saas,False,0
168,501.24,12,4,1,0,14,social,healthcare,False,0
67,265.82,13,5,1,0,76,organic,ecommerce,True,0
149,248.29,7,10,0,2,12,outbound,saas,False,0
28,131.27,9,5,0,0,20,paid_search,saas,False,0
62,1181.54,11,8,0,1,0,social,saas,False,0
69,449.41,11,3,0,0,2,outbound,healthcare,False,0
165,4023.19,12,1,0,0,4,paid_search,healthcare,False,0
70,923.54,10,4,0,0,32,paid_search,saas,False,1
33,1129.96,12,2,0,0,46,referral,finance,False,0
57,386.8,10,5,1,1,19,referral,ecommerce,False,1
14,165.5,11,4,0,2,81,paid_search,ecommerce,False,1
9,205.7,16,2,0,3,10,referral,saas,False,1
106,125.31,15,5,0,1,21,outbound,finance,True,0
40,1224.63,9,2,2,1,20,paid_search,services,False,0
44,335.32,15,8,2,1,8,organic,healthcare,False,0
106,1277.3,14,4,1,2,41,paid_search,saas,True,1
167,564.49,5,2,0,1,42,paid_search,ecommerce,False,0
84,367.67,12,6,0,2,127,organic,saas,True,0
255,152.99,14,4,0,0,19,organic,services,False,0
82,666.23,16,6,0,0,13,social,saas,True,0
70,395.98,12,4,1,1,35,paid_search,services,False,0
66,1214.62,11,2,1,0,19,outbound,healthcare,False,1
20,240.95,10,4,1,3,29,organic,healthcare,False,0
117,912.43,8,2,0,1,98,organic,services,True,0
8,2542.36,10,7,1,2,9,social,saas,False,1
34,647.14,10,4,1,1,5,outbound,finance,False,0
56,1080.62,13,5,0,2,37,paid_search,saas,False,0
29,872.96,14,5,1,3,9,organic,services,False,0
38,3288.19,12,6,1,3,16,organic,healthcare,False,0
238,714.48,12,3,1,0,96,referral,saas,False,1
132,992.23,8,4,1,1,19,paid_search,services,False,0
32,475.19,14,4,0,4,7,paid_search,saas,False,0
38,227.15,14,2,0,1,20,organic,saas,False,1
20,147.2,15,3,1,3,35,referral,finance,False,1
96,1749.22,12,2,3,1,28,outbound,ecommerce,False,1
45,179.76,10,5,0,0,51,social,services,False,0
11,1038.84,8,2,0,0,45,referral,healthcare,False,0
59,746.96,13,4,2,0,48,organic,healthcare,False,0
78,1233.72,6,4,0,0,0,paid_search,ecommerce,False,0
118,294.5,6,4,1,3,1,paid_search,saas,False,0
51,223.47,14,3,0,4,5,social,services,False,0
41,719.37,14,4,1,1,16,outbound,saas,False,0
267,367.84,9,4,0,0,39,outbound,healthcare,False,1
55,143.88,11,3,1,0,31,outbound,ecommerce,False,0
97,3423.87,8,3,1,2,9,outbound,ecommerce,False,0
35,223.32,20,6,0,1,38,outbound,healthcare,False,1
95,182.43,9,6,0,0,2,organic,finance,False,0
17,386.78,8,3,1,1,41,organic,finance,False,1
38,1724.79,21,2,0,1,13,paid_search,services,True,0
21,56.44,9,1,0,0,15,referral,ecommerce,False,0
34,1587.45,12,3,2,1,148,organic,ecommerce,True,1
148,198.05,18,5,0,0,52,outbound,saas,True,0
33,641.96,18,4,2,1,14,referral,finance,False,0
97,250.63,11,10,1,2,2,referral,ecommerce,False,0
184,3611.64,11,1,0,1,13,organic,healthcare,False,0
53,558.15,16,8,1,1,25,paid_search,saas,False,0
121,242.72,10,2,0,0,126,organic,services,True,0
84,364.64,9,6,0,0,1,outbound,services,True,0
60,538.96,10,4,0,2,8,referral,services,False,0
100,588.56,12,1,1,2,3,social,saas,False,0
238,764.15,16,9,1,3,6,paid_search,services,True,1
33,492.06,10,7,2,1,91,paid_search,saas,False,0
25,124.32,11,3,0,1,118,paid_search,ecommerce,False,0
24,350.63,10,3,0,0,34,social,saas,False,0
121,903.85,9,7,1,1,0,social,ecommerce,False,0
135,252.17,12,5,0,3,8,organic,healthcare,False,0
36,965.63,14,6,0,3,15,outbound,saas,False,0
10,508.63,8,5,0,0,80,organic,ecommerce,False,0
32,396.34,8,7,0,0,20,outbound,finance,True,0
85,1626.43,22,5,0,3,17,organic,services,False,0
52,86.65,10,4,0,0,24,paid_search,finance,False,0
63,250.81,11,3,2,1,15,outbound,healthcare,False,0
36,1689.91,14,6,1,0,1,organic,saas,False,1
123,3071.89,12,5,0,1,65,paid_search,services,False,0
72,4846.41,7,2,0,1,19,paid_search,saas,False,0
87,518.2,9,8,2,2,49,organic,ecommerce,False,0
62,778.91,9,5,1,2,19,social,saas,False,0
83,1115.91,9,3,0,1,25,outbound,finance,True,1
79,1763.53,9,4,0,0,5,outbound,ecommerce,True,1
26,673.91,18,4,0,0,124,paid_search,finance,False,0
74,1244.08,10,6,0,1,1,referral,ecommerce,False,1
103,780.37,17,6,1,2,6,organic,ecommerce,False,1
138,830.66,13,7,2,2,44,organic,ecommerce,True,1
76,196.69,18,2,0,0,4,organic,saas,True,0
25,354.53,8,5,1,3,1,outbound,ecommerce,True,1
29,292.14,14,3,0,1,72,outbound,healthcare,True,0
39,150.07,10,3,0,1,35,social,healthcare,False,0
64,94.48,10,3,1,3,12,referral,saas,True,1
50,322.59,13,0,1,0,63,referral,finance,True,0
22,378.46,12,3,0,0,20,referral,ecommerce,False,0
22,547.32,15,9,0,3,29,referral,saas,False,1
10,858.97,21,3,0,1,24,paid_search,saas,True,0
5,594.74,17,3,0,0,47,organic,healthcare,False,0
49,381.11,14,3,1,1,13,organic,ecommerce,False,0
349,197.33,14,2,0,2,53,outbound,finance,False,0
230,1184.49,15,7,0,3,16,referral,saas,False,1
25,445.05,16,4,0,1,3,outbound,finance,True,0
62,319.33,10,6,1,3,7,organic,ecommerce,False,1
17,408.93,11,5,1,0,4,referral,healthcare,False,0
19,236.81,11,1,0,1,24,organic,finance,False,0
21,289.84,15,3,1,0,59,paid_search,ecommerce,False,0
46,280.77,16,3,1,1,6,organic,saas,False,0
47,369.69,11,4,0,0,16,organic,healthcare,False,0
67,949.33,14,4,0,0,2,outbound,services,True,0
93,740.34,14,2,0,3,27,paid_search,services,False,0
42,2314.01,19,5,1,0,19,referral,saas,False,0
56,1655.29,17,4,0,0,44,paid_search,finance,False,0
23,3485.69,10,3,0,0,64,paid_search,ecommerce,False,0
19,861.92,7,4,0,0,24,referral,saas,False,0
16,848.19,10,6,0,0,30,organic,finance,False,0
92,302.65,6,5,0,1,23,outbound,healthcare,False,0
42,1125.54,8,2,0,0,28,outbound,healthcare,False,0
12,255.67,16,0,0,1,28,social,services,False,0
52,113.24,13,4,0,0,16,paid_search,ecommerce,False,0
20,2267.25,12,4,1,2,2,organic,finance,False,0
206,141.29,11,3,0,0,1,outbound,ecommerce,False,0
34,764.22,10,4,0,0,11,paid_search,saas,True,1
94,204.32,7,4,1,1,40,organic,ecommerce,True,1
130,1520.31,7,1,1,2,3,paid_search,services,False,1
25,1742.28,8,9,1,2,66,social,healthcare,True,0
58,836.46,11,6,0,0,19,referral,saas,True,1
85,1713.62,13,4,0,3,40,social,finance,False,0
60,496.38,10,4,0,0,31,social,services,False,0
73,4601.67,12,2,0,1,36,organic,services,False,0
19,1039.16,14,4,0,0,21,outbound,healthcare,True,1
85,200.23,17,5,0,0,48,paid_search,ecommerce,False,0
37,528.27,7,7,0,2,15,referral,healthcare,False,0
72,423.05,18,6,2,0,1,organic,services,False,0
114,383.59,15,3,1,1,31,outbound,services,False,0
93,93.96,12,3,1,2,12,paid_search,services,False,0
72,725.5,11,5,1,3,16,organic,ecommerce,False,0
91,123.25,14,2,1,1,4,paid_search,saas,False,1
95,39.43,12,7,1,0,30,organic,healthcare,False,0
181,349.32,10,3,0,0,10,organic,saas,False,1
53,231.39,14,3,1,3,1,referral,saas,False,1
62,208.19,9,2,1,0,8,paid_search,healthcare,False,0
115,25.0,14,3,1,2,50,outbound,finance,False,0
37,210.43,11,4,0,3,80,paid_search,services,False,0
19,414.2,13,5,1,0,35,social,finance,False,0
81,261.35,13,3,0,1,8,paid_search,services,False,0
46,725.85,14,3,1,3,2,social,finance,False,0
21,1983.58,12,5,0,2,19,referral,finance,False,0
81,825.81,11,3,0,0,3,referral,saas,True,1
172,1375.25,10,4,1,1,33,outbound,healthcare,False,0
15,1493.87,12,5,1,1,3,paid_search,saas,False,0
124,177.89,14,4,0,0,26,organic,saas,False,0
7,764.42,18,4,1,2,12,social,saas,True,0
40,1332.96,9,4,0,1,37,outbound,services,True,0
238,318.63,7,2,0,1,4,organic,finance,False,0
42,223.49,18,1,0,0,39,paid_search,services,False,0
59,837.49,15,4,1,0,0,outbound,services,False,0
101,111.99,17,4,1,2,41,social,services,True,0
14,166.0,5,6,1,2,79,outbound,saas,False,0
58,252.96,11,5,0,0,9,referral,services,False,0
57,773.18,12,5,1,1,15,social,services,False,1
242,613.34,15,2,0,0,24,paid_search,services,False,1
20,1383.5,15,8,2,0,20,outbound,saas,False,0
40,196.0,11,2,3,4,16,paid_search,saas,False,1
26,185.77,17,1,0,3,78,social,services,True,0
24,832.07,9,4,1,1,138,paid_search,saas,False,0
135,221.7,7,11,0,2,0,referral,ecommerce,False,0
56,269.48,15,4,0,0,21,social,ecommerce,False,0
35,76.96,9,5,0,3,6,referral,saas,False,1
36,659.08,8,4,0,3,61,outbound,saas,False,0
35,2301.44,8,3,0,1,59,paid_search,services,False,0
37,176.04,14,7,1,1,6,referral,services,True,1
20,1368.82,15,4,0,0,16,paid_search,services,False,1
44,464.33,14,6,2,2,24,paid_search,ecommerce,False,1
41,84.32,11,6,0,1,25,paid_search,saas,False,0
30,201.4,9,4,1,0,10,organic,ecommerce,False,0
62,189.34,13,2,0,1,68,organic,ecommerce,False,0
66,359.05,7,4,0,5,9,social,saas,True,0
35,749.58,12,8,1,0,27,social,finance,True,1
49,3130.42,21,0,1,0,19,social,services,True,0
307,117.78,5,4,0,2,20,organic,healthcare,False,0
298,303.45,9,2,1,1,18,paid_search,ecommerce,False,0
23,201.14,9,3,1,0,2,organic,ecommerce,False,1
26,138.66,8,2,1,1,1,social,saas,False,0
23,542.1,15,5,0,1,6,outbound,ecommerce,True,0
127,493.48,11,4,2,1,11,organic,healthcare,False,0
40,80.33,11,5,0,3,16,social,ecommerce,True,0
66,501.77,11,6,0,1,4,organic,healthcare,False,0
270,147.61,16,4,0,0,88,paid_search,services,True,0
54,498.61,8,7,0,1,24,organic,saas,True,0
96,1753.72,12,7,2,1,31,paid_search,saas,False,1
83,782.95,10,5,1,0,16,social,saas,False,1
34,588.46,12,3,0,3,53,outbound,saas,False,1
127,290.39,13,2,1,2,7,organic,healthcare,False,0
28,526.82,10,4,1,2,24,referral,services,False,0
159,865.45,6,1,0,0,6,social,services,True,0
34,783.81,18,6,0,1,28,outbound,healthcare,False,0
37,446.21,15,4,0,1,23,referral,ecommerce,False,1
23,612.39,15,6,1,2,5,paid_search,saas,False,0
26,132.08,5,4,0,1,12,referral,ecommerce,False,0
39,236.43,16,5,1,0,27,paid_search,ecommerce,True,1
8,999.8,13,2,0,2,88,outbound,services,False,0
45,1143.71,8,2,1,4,31,paid_search,healthcare,False,1
36,541.1,8,3,0,1,40,social,saas,True,0
103,2162.38,6,1,0,0,7,organic,ecommerce,True,0
77,818.95,10,5,0,1,8,paid_search,saas,False,1
31,390.28,14,3,1,2,2,outbound,services,False,1
38,145.51,8,4,0,2,9,referral,saas,True,0
45,2077.11,17,5,1,0,16,paid_search,saas,False,1
179,1064.56,10,2,0,1,7,outbound,saas,False,0
28,2975.93,20,5,0,3,5,outbound,services,False,0
31,4302.05,7,3,3,0,21,paid_search,healthcare,True,1
22,136.06,14,10,0,1,14,referral,healthcare,True,0
17,136.41,10,5,2,0,53,referral,ecommerce,False,0
70,28.13,9,6,1,1,6,referral,saas,False,1
64,1234.43,15,5,0,2,14,paid_search,services,False,0
152,950.02,14,5,0,0,1,organic,saas,False,0
126,543.36,12,5,2,1,3,outbound,saas,False,1
372,144.58,14,4,0,1,0,outbound,healthcare,False,0
51,450.77,8,3,0,1,6,outbound,saas,False,0
44,592.71,15,7,0,2,11,outbound,saas,False,0
19,1077.85,11,4,0,1,7,social,services,False,0
95,647.41,16,4,0,0,2,social,healthcare,False,0
60,957.0,11,7,3,0,20,social,saas,False,1
92,435.23,14,1,2,0,5,referral,ecommerce,False,0
22,1605.97,11,5,0,1,27,paid_search,finance,False,0
72,926.79,9,4,0,1,12,organic,saas,False,0
64,150.37,9,3,0,0,8,referral,saas,False,0
61,1976.77,11,3,1,0,44,paid_search,healthcare,False,0
32,1678.36,10,5,0,2,43,paid_search,healthcare,False,0
141,784.84,10,0,1,1,51,referral,services,False,0
282,652.44,10,3,0,1,25,paid_search,ecommerce,True,0
22,2587.92,15,3,1,2,40,organic,saas,False,0
97,96.22,18,5,0,0,39,outbound,healthcare,False,0
5,1704.84,13,5,2,0,18,outbound,healthcare,False,1
93,306.06,10,5,0,0,22,organic,saas,False,0
12,1473.18,14,5,0,0,38,organic,healthcare,True,0
36,555.78,11,5,0,0,57,paid_search,saas,False,0
19,142.18,10,3,3,1,22,social,services,True,1
46,299.91,10,6,1,1,4,outbound,services,False,0
107,1368.85,10,4,0,1,4,organic,ecommerce,True,0
12,399.33,16,4,1,0,17,social,services,False,0
41,264.68,11,5,1,0,51,organic,services,True,1
36,262.91,8,3,0,2,34,paid_search,saas,True,0
193,936.59,16,5,1,0,20,outbound,ecommerce,False,0
77,2837.38,12,4,0,2,58,organic,healthcare,True,1
21,57.92,19,3,0,3,8,organic,saas,False,0
37,8108.63,11,6,1,0,1,paid_search,ecommerce,False,0
190,604.1,12,7,1,1,14,referral,ecommerce,False,0
97,880.27,11,5,0,2,8,outbound,services,False,0
26,318.54,10,5,0,0,4,outbound,ecommerce,False,0
44,491.02,8,7,0,1,13,organic,finance,False,0
45,597.36,9,4,1,2,7,organic,ecommerce,False,0
36,172.59,18,3,1,0,9,social,saas,False,0
14,220.15,8,5,0,0,40,paid_search,services,False,0
32,1610.93,20,1,0,0,35,outbound,saas,False,0
166,104.34,15,2,0,2,32,social,saas,False,0
40,765.89,17,8,2,1,1,organic,ecommerce,False,1
50,340.18,19,4,0,1,3,outbound,finance,False,0
61,188.54,10,3,1,0,18,organic,ecommerce,True,0
322,3540.18,7,4,0,3,34,paid_search,saas,False,0
55,189.71,10,3,0,2,43,referral,ecommerce,True,0
131,159.16,17,8,0,0,46,referral,saas,False,0
34,408.72,11,1,1,1,11,social,saas,False,0
44,228.48,9,0,0,1,22,social,healthcare,True,0
55,495.9,12,1,2,1,38,outbound,saas,False,1
29,575.59,15,3,0,2,32,outbound,ecommerce,False,0
46,623.07,12,2,0,0,53,referral,healthcare,False,0
111,435.33,16,3,1,0,13,organic,finance,False,1
29,244.16,16,4,1,1,1,social,ecommerce,False,1
55,937.67,13,4,1,1,4,outbound,ecommerce,False,0
96,440.67,13,2,0,2,8,paid_search,saas,False,0
28,300.18,8,3,2,0,54,paid_search,services,False,0
131,2164.61,4,4,0,4,42,paid_search,saas,False,0
58,436.46,9,4,2,1,55,organic,saas,False,0
48,1468.49,10,8,0,0,57,social,ecommerce,False,0
11,1680.49,15,6,0,1,33,paid_search,saas,False,0
40,1785.89,11,6,0,2,11,social,saas,False,0
73,983.54,11,5,1,0,109,outbound,saas,False,0
221,492.44,9,2,1,0,7,outbound,healthcare,False,0
86,462.18,8,2,0,1,2,paid_search,healthcare,False,0
134,386.02,12,7,0,3,76,paid_search,finance,False,0
21,56.44,7,5,0,0,11,social,finance,False,0
49,1011.11,9,5,1,0,7,outbound,ecommerce,False,0
145,629.21,16,6,1,0,8,referral,services,False,0
27,1124.98,10,8,1,4,23,outbound,finance,False,0
118,438.34,7,3,0,1,3,organic,services,False,0
98,957.98,12,3,1,1,34,outbound,finance,False,0
68,124.27,11,6,1,2,9,organic,ecommerce,False,0
42,153.05,14,4,0,1,1,organic,ecommerce,False,0
25,41.42,9,5,0,1,37,referral,ecommerce,False,1
226,430.8,16,5,1,0,18,organic,saas,False,0
91,227.57,14,3,0,1,31,organic,ecommerce,True,1
72,199.66,6,4,1,1,5,organic,saas,True,1
39,688.59,14,8,0,0,21,paid_search,saas,True,1
56,321.98,8,5,1,0,1,social,services,True,0
62,117.56,16,6,0,1,0,organic,finance,False,0
75,6277.75,13,2,1,0,10,social,healthcare,False,0
98,474.85,12,0,0,0,2,outbound,ecommerce,False,0
29,166.81,21,5,0,0,16,organic,healthcare,True,0
17,252.19,17,4,0,0,33,organic,services,True,0
58,414.41,7,7,2,2,28,outbound,finance,False,0
13,413.54,11,6,0,0,21,outbound,healthcare,False,0
42,1811.96,12,7,0,4,5,referral,ecommerce,True,1
36,455.12,17,2,0,0,39,outbound,ecommerce,False,0
81,3150.16,10,3,2,0,11,organic,finance,True,0
267,319.76,10,2,0,1,80,paid_search,services,False,0
12,754.79,19,2,0,0,18,social,ecommerce,False,0
337,1369.2,14,4,1,0,27,paid_search,ecommerce,False,0
45,1628.07,11,5,0,1,22,social,ecommerce,False,0
72,1829.64,11,9,1,0,11,referral,ecommerce,False,1
18,375.4,15,2,1,0,17,social,services,False,0
121,490.05,9,2,0,1,24,paid_search,finance,False,0
56,41.29,11,3,0,1,19,paid_search,ecommerce,False,0
52,405.04,11,5,2,1,17,organic,ecommerce,False,0
12,1467.41,10,2,0,0,35,organic,ecommerce,False,0
58,1208.14,10,7,2,2,0,social,saas,False,0
107,451.92,14,4,1,2,52,organic,healthcare,True,0
45,2694.96,16,5,1,1,4,organic,services,False,1
140,335.63,14,3,1,0,20,organic,finance,False,0
135,240.77,15,5,0,0,7,organic,saas,True,1
33,308.54,9,4,0,2,8,outbound,finance,False,0
196,160.38,7,4,0,3,11,paid_search,finance,False,0
57,918.18,14,5,1,1,14,outbound,ecommerce,False,0
57,657.52,20,4,0,0,52,organic,healthcare,False,0
59,906.85,7,1,1,0,45,social,healthcare,True,1
58,325.59,11,1,0,2,11,paid_search,services,False,1
7,464.95,15,5,0,2,26,paid_search,saas,False,0
47,55.79,18,3,2,1,13,outbound,saas,False,1
18,717.82,14,4,0,2,8,outbound,healthcare,False,1
201,543.94,6,2,1,0,24,outbound,saas,False,0
194,163.94,12,4,0,1,0,organic,ecommerce,False,0
108,443.79,10,5,0,0,21,organic,finance,False,0
45,380.75,7,2,0,2,78,social,saas,False,0
24,2876.45,10,1,0,0,48,paid_search,ecommerce,False,0
32,170.52,13,1,0,0,56,social,services,False,0
258,686.38,14,4,0,1,40,referral,healthcare,False,1
31,165.54,9,6,0,2,34,referral,healthcare,False,0
8,282.06,11,4,0,1,33,outbound,healthcare,False,0
124,649.9,10,2,0,1,1,social,saas,False,0
181,398.87,11,3,0,1,28,organic,saas,False,0
206,489.81,12,2,0,2,16,organic,finance,False,0
125,687.27,15,5,0,5,60,referral,ecommerce,False,0
143,300.76,9,8,0,1,97,referral,ecommerce,False,0
57,1192.9,7,2,1,2,28,paid_search,saas,False,1
10,363.04,7,1,2,1,13,paid_search,services,False,1
56,446.95,10,1,2,0,50,social,saas,False,0
90,707.2,23,2,0,1,57,outbound,finance,True,0
49,618.32,11,3,0,0,6,referral,ecommerce,True,1
47,938.45,9,2,1,0,139,paid_search,healthcare,False,0
25,676.52,13,7,0,1,8,paid_search,saas,True,1
24,787.63,17,9,2,1,37,referral,saas,False,0
238,355.89,7,5,0,1,28,paid_search,healthcare,False,0
245,169.22,9,1,0,1,17,referral,finance,False,0
54,118.2,11,0,2,3,80,social,saas,False,0
68,92.69,10,4,1,0,2,organic,ecommerce,True,0
25,2871.89,19,5,0,0,3,organic,ecommerce,True,1
91,53.91,15,4,0,2,26,organic,saas,True,0
223,1625.75,12,5,1,2,79,outbound,healthcare,False,0
16,216.83,11,7,0,1,1,referral,saas,True,0
79,1613.95,7,8,0,2,39,organic,healthcare,False,0
84,54.46,10,0,3,4,24,outbound,saas,False,0
83,389.52,11,2,1,3,19,paid_search,healthcare,False,0
203,2109.12,13,3,0,0,22,referral,ecommerce,False,0
278,1005.47,9,2,0,1,6,outbound,ecommerce,False,0
45,351.68,17,7,0,0,10,organic,ecommerce,False,0
94,70.6,13,2,0,2,23,organic,services,False,0
58,131.3,11,2,0,0,20,referral,healthcare,True,0
33,1976.63,0,4,0,0,15,organic,services,False,0
68,347.85,20,4,1,2,2,social,saas,True,1
93,458.6,16,3,1,1,10,organic,ecommerce,True,0
65,654.28,13,5,0,3,9,organic,saas,False,1
27,133.91,9,8,0,1,8,organic,ecommerce,False,0
38,740.47,8,6,0,1,37,paid_search,finance,False,0
38,323.88,14,5,0,0,67,organic,services,False,0
28,660.97,5,4,1,2,19,organic,healthcare,True,0
70,276.43,10,3,1,1,23,outbound,healthcare,False,0
76,102.2,11,4,0,3,27,paid_search,saas,True,1
120,321.38,17,8,1,1,24,paid_search,saas,True,1
27,935.22,5,6,0,1,1,organic,finance,True,0
34,730.74,15,2,1,1,38,paid_search,saas,False,0
189,508.23,12,3,1,1,1,paid_search,saas,True,0
48,1209.71,10,4,2,2,17,referral,services,False,1
56,401.98,10,7,1,1,37,organic,services,True,0
47,521.27,8,7,0,1,11,outbound,healthcare,False,0
135,304.98,9,2,1,1,45,outbound,ecommerce,False,0
139,1282.57,13,4,1,1,4,organic,services,False,0
133,659.53,16,5,0,0,4,organic,saas,True,1
56,282.32,12,10,0,2,1,organic,ecommerce,True,0
27,111.16,16,4,0,0,0,referral,ecommerce,False,0
255,1487.66,19,2,2,0,31,organic,services,False,1
108,234.14,13,7,0,1,49,outbound,services,True,0
38,529.57,13,3,1,2,36,social,finance,False,0
171,5180.2,11,6,0,0,70,outbound,saas,False,0
36,1098.29,14,4,0,0,64,referral,healthcare,True,0
169,2467.97,18,6,0,2,1,outbound,saas,False,0
178,287.69,16,7,0,0,6,organic,services,True,0
26,1437.95,13,6,0,1,54,paid_search,saas,False,0
87,506.07,9,3,1,2,23,paid_search,saas,False,0
102,710.53,9,7,0,0,52,outbound,finance,False,0
442,3717.63,11,3,1,1,8,referral,ecommerce,False,1
30,372.92,10,4,0,1,22,outbound,services,False,0
172,502.33,11,6,0,1,24,organic,saas,False,0
55,199.69,9,3,0,1,24,outbound,services,False,0
20,1198.07,9,1,1,1,7,referral,saas,True,1
50,281.29,13,5,0,0,25,referral,saas,False,0
55,1370.2,21,5,0,1,89,outbound,ecommerce,False,0
23,94.64,12,4,0,1,35,paid_search,saas,False,0
70,852.9,8,4,1,2,36,paid_search,healthcare,False,0
117,258.87,16,4,1,0,108,referral,saas,False,0
66,1023.02,14,3,0,2,21,organic,saas,False,0
35,486.11,14,6,1,0,6,paid_search,finance,True,0
48,288.49,12,1,0,2,15,organic,saas,False,0
54,334.77,14,1,2,1,21,organic,finance,False,1
65,210.53,14,2,0,0,2,outbound,finance,False,0
133,1138.87,13,2,0,1,12,referral,saas,False,0
68,172.67,9,4,0,3,9,paid_search,finance,True,0
18,377.26,12,7,1,2,14,paid_search,ecommerce,False,0
35,695.92,14,3,0,0,34,paid_search,ecommerce,False,0
62,2473.76,8,4,1,2,13,referral,saas,True,1
134,488.19,18,3,0,0,17,outbound,services,False,0
154,386.64,12,2,0,1,12,outbound,healthcare,False,0
226,647.83,14,1,1,0,9,paid_search,healthcare,False,0
61,61.96,21,6,0,2,12,paid_search,services,True,1
101,148.61,18,4,0,0,0,paid_search,ecommerce,False,0
17,338.54,11,3,0,0,42,referral,services,False,0
77,241.54,12,3,0,1,16,paid_search,finance,False,0
23,99.4,14,6,1,2,56,social,services,True,1
52,1161.86,13,5,0,0,9,referral,services,False,0
616,638.91,14,4,1,0,11,paid_search,services,False,0
70,566.95,10,7,3,1,4,paid_search,saas,False,1
27,246.17,13,4,0,0,34,paid_search,finance,False,0
76,533.46,9,5,0,1,23,organic,services,True,1
36,824.23,16,3,0,0,10,organic,healthcare,False,0
25,378.08,15,12,1,0,3,social,ecommerce,False,0
294,768.6,10,3,0,1,14,paid_search,services,False,1
128,222.28,10,5,0,0,115,organic,saas,True,0
72,543.2,10,3,0,2,1,referral,healthcare,False,1
40,1544.57,20,2,0,1,8,social,healthcare,True,0
43,1689.22,13,9,1,1,21,paid_search,saas,False,0
188,1858.62,9,2,0,0,18,outbound,finance,True,1
70,655.61,10,5,1,2,26,outbound,saas,True,0
5,508.58,15,2,2,2,9,referral,finance,True,0
379,314.57,11,7,0,0,17,social,services,False,0
63,80.84,19,6,1,0,32,organic,ecommerce,False,0
72,128.39,5,4,1,1,33,outbound,finance,True,0
130,416.52,12,4,2,2,15,paid_search,saas,False,1
79,442.18,12,7,0,1,15,outbound,services,False,0
99,2022.77,10,1,0,1,1,referral,services,True,1
39,1835.0,10,0,0,2,0,organic,saas,False,1
20,248.02,18,5,0,1,30,organic,finance,False,0
68,1116.92,13,3,0,0,51,social,healthcare,True,0
172,305.8,9,5,1,1,26,referral,healthcare,False,1
33,975.17,12,3,1,2,13,organic,finance,True,0
30,1103.25,13,3,1,0,10,social,healthcare,False,0
145,1706.32,9,4,0,2,36,outbound,healthcare,False,0
38,301.07,11,3,1,1,3,referral,saas,False,0
39,1358.73,11,3,0,0,13,paid_search,ecommerce,True,0
41,75.73,8,2,0,0,54,organic,services,False,0
52,1801.21,10,3,1,1,48,social,saas,False,0
16,480.57,6,4,0,0,57,paid_search,healthcare,False,0
35,490.92,8,6,1,3,15,outbound,saas,False,1
66,64.24,8,7,2,1,29,paid_search,services,False,0
65,334.06,14,1,1,1,4,referral,healthcare,False,0
138,1911.19,13,4,1,0,6,paid_search,ecommerce,True,1
238,321.6,8,2,0,1,8,organic,saas,False,1
183,1005.72,16,2,1,1,47,social,ecommerce,True,1
113,510.07,13,3,1,0,19,referral,services,True,1
48,1426.06,10,3,2,0,14,referral,healthcare,True,1
33,596.75,12,2,1,0,10,outbound,ecommerce,False,0
55,194.06,8,6,1,4,2,outbound,finance,False,0
87,521.37,14,3,1,1,7,outbound,ecommerce,True,1
105,2443.57,13,1,1,2,33,organic,ecommerce,True,1
90,810.49,10,6,0,1,53,referral,ecommerce,False,0
50,438.59,15,4,1,6,16,outbound,saas,False,1
102,4702.0,12,4,0,2,27,paid_search,finance,False,0
150,1570.6,15,6,1,1,11,organic,services,False,1
110,1115.14,12,6,0,1,29,outbound,services,True,0
53,676.78,13,2,1,2,3,referral,services,True,0
28,1022.77,10,5,0,3,10,referral,ecommerce,False,1
27,1056.52,18,4,0,2,12,outbound,ecommerce,True,0
32,55.54,13,2,0,0,46,referral,healthcare,False,0
67,731.38,11,4,0,1,67,paid_search,services,False,0
83,419.55,8,8,0,2,38,paid_search,finance,False,0
18,298.93,9,4,1,1,4,paid_search,healthcare,False,1
36,405.27,12,5,1,1,21,organic,finance,False,1
66,103.98,11,6,1,1,9,social,finance,False,0
27,81.08,13,2,0,1,8,outbound,services,True,0
77,1713.86,15,6,0,2,23,paid_search,finance,False,0
43,782.24,12,2,1,2,13,paid_search,ecommerce,True,1
31,44.12,7,2,0,1,1,outbound,ecommerce,False,0
57,276.89,10,2,1,6,75,organic,healthcare,False,0
75,1188.62,11,4,0,2,14,referral,ecommerce,False,1
28,372.41,10,3,2,1,8,paid_search,services,True,0
45,1711.29,12,6,1,3,29,social,healthcare,False,1
79,1407.76,16,3,0,0,18,organic,healthcare,False,0
30,126.89,14,2,1,3,33,social,ecommerce,False,0
14,426.95,9,12,0,0,57,paid_search,healthcare,True,0
16,314.79,12,2,1,2,19,referral,healthcare,False,0
39,122.83,11,5,1,2,18,organic,saas,False,0
19,115.09,10,2,0,0,4,paid_search,services,False,0
41,220.08,7,9,1,1,68,referral,ecommerce,False,0
207,259.58,15,5,0,2,5,organic,ecommerce,False,0
18,654.08,13,3,0,4,35,organic,saas,False,0
44,1399.98,14,6,0,1,62,organic,healthcare,True,0
301,823.57,12,3,4,1,35,paid_search,finance,False,1
76,1043.54,12,4,1,1,33,organic,services,False,0
41,377.43,13,2,1,1,13,outbound,saas,True,0
48,900.55,10,3,1,1,22,paid_search,services,False,0
77,424.8,5,3,1,3,25,outbound,finance,False,0
212,316.88,9,4,1,1,6,outbound,ecommerce,True,0
36,3284.93,18,3,0,0,28,organic,saas,False,0
30,47.92,11,3,2,0,30,social,ecommerce,False,0
18,75.69,15,5,0,0,44,outbound,services,False,0
59,722.49,9,2,0,0,9,referral,ecommerce,False,0
18,378.05,9,5,1,0,9,paid_search,ecommerce,False,0
38,117.1,7,4,0,0,53,paid_search,finance,True,0
26,171.64,12,7,0,5,3,organic,services,False,1
129,195.51,10,2,0,1,53,referral,finance,False,0
36,1202.71,16,2,0,1,11,outbound,finance,False,0
75,1656.41,16,5,2,0,8,outbound,saas,True,1
15,2539.09,13,1,2,3,0,organic,services,True,1
61,100.58,11,3,0,0,52,social,ecommerce,False,0
21,125.57,14,4,3,2,41,paid_search,saas,False,1
39,117.26,15,3,0,2,21,outbound,services,False,0
320,1788.01,13,7,0,1,16,organic,saas,False,0
115,747.87,13,4,1,0,28,outbound,saas,False,1
49,533.9,9,4,0,0,17,outbound,healthcare,True,0
706,619.94,12,3,2,0,29,organic,ecommerce,True,1
26,465.55,11,3,1,1,12,organic,saas,True,1
139,160.59,13,3,1,1,61,outbound,healthcare,False,0
16,823.18,8,3,0,0,2,organic,finance,False,0
45,409.06,13,1,1,2,80,referral,finance,False,0
19,148.37,13,6,1,0,1,outbound,saas,False,0
67,875.05,12,4,1,0,0,referral,healthcare,False,0
57,321.89,13,4,0,1,18,paid_search,services,False,0
43,618.62,19,3,1,0,42,paid_search,saas,False,1
131,434.86,13,8,0,0,11,organic,saas,False,1
35,1201.56,16,6,0,2,13,outbound,saas,False,0
71,614.1,17,3,1,3,9,paid_search,healthcare,True,1
105,203.63,8,1,0,1,21,organic,saas,False,0
17,679.94,9,4,0,1,27,paid_search,finance,False,0
30,702.53,15,3,1,0,2,outbound,services,False,0
57,821.67,16,2,0,1,41,organic,saas,True,0
90,1388.35,13,6,2,1,43,outbound,healthcare,False,1
170,266.14,14,3,1,1,2,social,saas,False,0
46,960.96,16,4,0,2,42,outbound,saas,True,1
42,87.81,18,1,1,0,34,outbound,finance,False,0
27,437.04,10,4,0,1,4,outbound,ecommerce,False,1
71,374.41,10,7,1,0,16,outbound,services,True,0
43,2096.12,15,1,2,0,4,organic,healthcare,False,0
44,421.43,8,4,0,2,12,social,saas,False,0
51,905.05,10,6,0,2,6,referral,ecommerce,False,0
85,84.62,10,4,1,2,2,referral,saas,False,1
35,346.62,22,4,0,1,31,outbound,services,False,0
29,211.38,16,2,3,1,11,outbound,finance,True,1
77,5857.69,9,9,0,3,27,social,ecommerce,False,0
5,252.95,19,5,0,2,2,referral,healthcare,False,0
34,530.21,12,8,0,1,13,paid_search,finance,False,0
22,559.24,10,2,2,0,5,paid_search,finance,False,0
143,100.54,10,5,0,2,28,paid_search,saas,False,0
38,291.19,11,5,0,0,69,paid_search,saas,False,0
35,738.61,12,6,0,0,28,organic,saas,True,0
53,536.85,15,5,0,1,30,organic,ecommerce,False,0
34,49.38,12,8,1,0,12,social,ecommerce,False,0
40,279.5,16,6,1,0,22,paid_search,saas,False,0
59,1367.61,10,6,0,1,52,outbound,ecommerce,True,0
39,887.34,14,6,0,2,16,referral,ecommerce,True,1
39,1665.75,25,2,0,1,4,organic,saas,False,0
24,183.89,23,3,0,0,17,organic,services,False,0
22,1773.89,10,7,1,2,2,organic,healthcare,False,1
57,471.35,11,3,3,2,6,outbound,ecommerce,False,1
70,2421.69,6,5,0,2,25,organic,healthcare,False,0
17,494.38,12,3,0,2,2,referral,ecommerce,False,1
100,63.59,9,8,3,2,12,outbound,services,False,1
101,1152.0,14,5,1,2,69,outbound,healthcare,False,0
119,316.24,13,6,0,0,9,organic,healthcare,False,0
69,338.24,13,3,0,1,26,organic,services,False,0
91,115.23,9,2,0,0,6,organic,services,True,1
314,2495.39,6,4,1,0,21,organic,services,True,1
43,292.63,14,3,1,1,6,organic,saas,False,0
24,2380.43,12,7,3,2,2,referral,saas,False,1
16,320.14,12,2,1,2,34,outbound,finance,True,0
222,194.85,10,6,2,1,81,referral,ecommerce,False,0
225,1843.7,10,3,0,0,35,referral,finance,True,1
26,457.91,8,6,0,0,37,organic,finance,True,0
31,462.4,9,6,0,0,20,outbound,ecommerce,False,0
42,136.78,14,2,1,1,13,referral,ecommerce,False,1
145,311.8,10,5,0,1,38,outbound,healthcare,False,0
19,756.49,17,2,0,2,47,outbound,ecommerce,False,0
11,134.4,10,4,2,1,67,paid_search,finance,True,1
309,287.41,12,7,0,2,9,organic,finance,False,0
70,323.61,15,4,0,1,1,organic,healthcare,False,0
79,526.6,9,6,0,1,14,paid_search,finance,True,1
46,2163.67,14,3,0,2,2,outbound,healthcare,False,0
79,365.05,10,2,0,0,21,paid_search,finance,False,0
16,247.03,16,3,0,0,5,social,saas,False,0
28,7679.97,11,6,0,2,29,referral,finance,False,0
59,319.52,8,5,0,0,19,organic,finance,False,0
9,407.22,16,6,3,3,52,paid_search,ecommerce,False,0
43,344.52,9,1,0,0,12,social,healthcare,False,1
41,373.62,9,3,0,1,14,social,services,False,0
43,532.59,17,0,0,2,16,paid_search,saas,True,1
35,1237.44,17,5,1,0,7,organic,finance,False,0
25,738.03,16,5,0,1,11,social,services,True,0
13,1446.78,16,8,0,1,3,organic,services,False,1
61,1399.72,11,3,1,2,26,outbound,ecommerce,True,0
43,607.01,10,5,1,2,14,organic,healthcare,True,0
18,717.89,9,4,0,0,25,organic,services,False,0
57,1493.29,10,2,0,0,1,referral,healthcare,False,1
43,162.19,10,3,1,1,6,referral,saas,False,0
38,5992.18,15,3,1,1,7,referral,saas,False,0
10,295.13,13,4,0,1,5,paid_search,finance,False,0
94,346.9,9,5,3,1,45,outbound,ecommerce,True,1
20,146.66,5,1,1,2,22,referral,saas,False,1
57,151.09,13,5,1,1,35,referral,ecommerce,False,0
29,1305.1,9,2,1,3,34,paid_search,finance,False,0
40,4770.44,11,3,2,0,15,organic,ecommerce,True,0
137,279.43,13,7,1,0,3,referral,services,False,0
84,697.37,9,7,0,1,10,organic,finance,False,0
135,614.11,8,8,0,1,24,referral,services,True,0
71,1339.76,10,4,0,0,76,organic,services,False,0
75,4531.07,5,2,1,2,79,outbound,ecommerce,False,0
13,2255.15,19,8,1,1,21,paid_search,finance,False,0
42,388.13,18,3,0,4,81,outbound,saas,False,0
46,836.12,15,2,1,0,54,referral,services,False,0
145,923.4,10,2,0,2,8,organic,ecommerce,True,0
36,482.95,11,8,0,1,161,outbound,finance,False,0
67,164.69,18,2,0,1,12,referral,services,True,1
65,221.68,12,2,1,0,25,social,saas,False,0
138,1553.32,12,3,1,2,70,paid_search,services,False,0
49,1722.11,9,5,1,1,31,referral,saas,False,0
106,400.39,10,4,0,1,16,outbound,ecommerce,False,0
14,639.74,12,5,1,1,58,referral,healthcare,False,0
15,1631.51,11,6,1,1,128,paid_search,ecommerce,False,0
9,89.63,14,5,1,2,9,social,healthcare,False,1
102,315.34,10,5,0,2,36,social,services,True,1
94,3706.6,12,5,1,0,24,outbound,ecommerce,False,1
112,664.68,10,4,1,2,41,paid_search,healthcare,False,0
32,159.3,14,5,0,1,59,paid_search,services,True,0
35,554.07,16,6,1,1,116,outbound,finance,True,0
50,1368.45,9,4,0,1,6,referral,saas,False,0
173,38.61,11,7,1,1,74,social,services,False,0
212,587.74,12,3,0,0,7,paid_search,saas,False,1
103,339.54,13,5,0,4,44,organic,healthcare,True,1
71,95.39,12,0,1,2,0,social,healthcare,False,0
159,534.82,12,3,2,3,85,organic,finance,True,1
44,429.89,12,6,0,1,9,organic,saas,False,0
40,481.02,10,4,0,1,15,referral,saas,False,1
49,347.84,9,4,0,1,53,social,finance,True,1
25,177.45,13,4,1,1,16,outbound,saas,True,0
47,115.03,11,5,0,1,2,paid_search,ecommerce,False,0
22,246.98,11,1,0,1,9,organic,finance,False,1
124,1163.57,22,1,0,3,43,outbound,finance,False,0
84,622.08,8,4,0,0,23,organic,saas,False,0
171,459.82,12,3,0,0,31,organic,ecommerce,False,0
15,174.2,20,5,2,1,12,paid_search,services,False,0
250,339.03,9,2,0,0,45,referral,ecommerce,True,0
16,1029.84,15,4,0,1,20,outbound,saas,True,0
21,816.3,8,3,1,3,26,social,saas,False,1
33,305.76,10,5,0,3,12,social,ecommerce,True,0
155,36.18,17,4,0,0,22,organic,services,False,1
65,250.92,12,3,0,2,175,paid_search,ecommerce,False,0
45,304.08,9,3,0,3,6,referral,saas,False,1
29,198.92,13,6,1,2,7,organic,healthcare,False,0
18,325.98,13,4,0,3,55,paid_search,saas,False,0
135,1114.93,8,4,1,2,5,paid_search,ecommerce,False,0
103,474.71,14,3,0,0,39,organic,services,True,0
161,1325.7,10,3,0,1,2,referral,finance,True,0
75,109.03,6,3,0,2,8,social,saas,False,0
7,363.19,17,5,0,0,18,organic,ecommerce,True,0
20,70.88,11,2,1,2,4,referral,saas,True,1
79,321.64,15,3,0,1,67,social,saas,False,0
41,173.18,14,7,0,0,3,social,healthcare,False,0
35,1774.46,9,7,0,1,14,outbound,healthcare,False,0
23,742.27,14,4,1,1,20,paid_search,finance,False,0
117,1359.44,10,3,0,2,7,outbound,services,False,1
79,320.75,8,3,1,0,5,organic,saas,False,0
82,177.73,11,1,0,2,30,paid_search,services,True,1
33,172.16,17,2,0,2,17,organic,healthcare,False,0
63,642.55,7,5,3,1,60,paid_search,ecommerce,False,1
19,3011.4,16,4,0,0,0,paid_search,services,False,0
49,744.25,18,3,2,3,20,organic,saas,True,0
7,338.74,8,1,0,1,35,social,healthcare,False,0
16,407.98,8,1,0,3,24,paid_search,finance,False,0
42,477.56,15,5,0,0,3,paid_search,ecommerce,False,0
365,3739.26,13,2,0,2,15,organic,services,True,0
13,1691.9,23,2,0,0,15,paid_search,saas,False,0
20,639.03,19,2,0,2,45,paid_search,services,False,1
65,549.9,17,5,1,0,29,paid_search,saas,False,0
225,664.71,13,2,0,0,5,organic,saas,False,0
64,807.77,15,3,1,2,41,social,ecommerce,True,0
96,325.97,11,3,1,1,11,outbound,services,False,0
42,211.86,8,4,1,3,26,referral,saas,False,0
36,1383.29,20,4,1,2,2,referral,services,False,0
58,503.7,7,2,0,0,32,outbound,saas,True,0
32,1272.49,11,4,0,0,26,outbound,ecommerce,True,0
97,2555.9,16,4,1,1,51,referral,ecommerce,False,0
15,829.33,7,3,0,0,1,outbound,saas,False,0
111,705.25,12,5,1,2,1,outbound,services,False,0
56,12091.32,13,6,0,2,2,social,ecommerce,True,0
46,606.08,14,6,0,1,44,paid_search,finance,False,0
15,165.58,10,2,0,2,13,organic,healthcare,True,0
25,371.96,3,8,0,2,5,organic,healthcare,True,0
142,2325.49,10,5,0,1,23,referral,healthcare,True,1
46,135.08,11,3,1,1,45,referral,services,False,0
68,232.19,9,2,1,1,39,paid_search,finance,False,1
27,1489.84,23,3,0,4,15,referral,healthcare,False,0
53,375.55,10,3,2,0,42,referral,healthcare,False,1
18,441.31,10,1,1,2,38,outbound,healthcare,False,0
59,1441.4,13,4,1,2,46,organic,ecommerce,True,1
73,240.61,15,6,1,2,16,organic,healthcare,False,1
71,113.45,15,4,0,4,33,social,ecommerce,True,0
26,122.87,20,6,0,0,6,outbound,finance,True,0
42,881.64,13,4,1,1,37,outbound,services,False,0
84,638.51,11,3,0,1,30,outbound,services,False,0
46,246.52,10,2,0,1,35,outbound,services,True,0
43,154.66,8,4,2,0,18,paid_search,healthcare,False,0
250,375.94,12,3,1,1,6,paid_search,finance,False,0
26,1504.95,11,3,0,1,1,paid_search,saas,False,0
130,213.62,12,2,0,1,41,referral,healthcare,False,0
22,254.0,14,0,0,1,2,outbound,ecommerce,False,0
92,149.83,11,8,0,1,37,paid_search,saas,True,0
96,341.24,8,6,0,1,7,referral,services,False,0
36,690.96,14,7,0,0,26,paid_search,services,False,0
21,4085.38,18,3,0,1,27,organic,healthcare,False,0
11,612.64,10,1,1,1,4,organic,ecommerce,False,0
33,467.0,16,8,1,1,77,organic,finance,True,0
83,1167.87,14,4,0,1,9,outbound,ecommerce,False,0
23,988.53,12,5,0,1,36,paid_search,services,False,0
59,276.54,6,4,0,0,80,outbound,services,False,0
17,4924.9,11,1,0,1,14,social,ecommerce,False,0
45,480.88,8,5,0,0,3,organic,saas,False,0
22,624.14,12,4,0,1,26,organic,ecommerce,True,1
51,855.21,14,7,2,0,3,outbound,saas,True,1
37,696.36,13,8,0,1,10,paid_search,ecommerce,False,0
21,2265.15,15,6,1,2,4,outbound,saas,False,0
32,273.17,18,8,2,1,34,organic,saas,False,0
26,1078.56,9,8,0,2,19,social,ecommerce,False,0
19,580.89,10,7,0,1,17,outbound,saas,False,0
130,1316.49,16,3,0,1,2,organic,finance,True,0
41,397.43,22,4,0,1,26,paid_search,saas,False,0
9,347.09,13,1,1,0,27,outbound,services,True,0
33,1024.62,11,3,0,0,44,paid_search,saas,False,0
113,704.86,14,4,0,1,18,paid_search,saas,False,0
30,216.96,9,3,0,1,32,paid_search,saas,True,1
181,1892.42,11,4,1,1,40,paid_search,finance,False,0
28,1025.06,14,6,0,2,13,social,ecommerce,False,0
82,457.51,11,5,1,2,1,social,healthcare,False,0
125,308.51,15,2,0,0,30,paid_search,saas,False,0
78,709.2,16,6,0,1,24,outbound,services,False,0
18,953.83,14,4,1,0,3,organic,saas,True,0
26,100.08,16,1,0,0,75,organic,ecommerce,False,0
139,717.43,7,6,0,0,1,referral,services,True,1
29,946.3,15,2,0,2,55,outbound,saas,False,0
119,46.88,9,4,0,2,28,organic,ecommerce,False,0
39,599.56,11,6,4,1,12,organic,services,True,0
61,986.94,13,1,0,0,14,referral,ecommerce,True,0
18,880.84,13,7,2,1,26,outbound,saas,False,0
34,1099.32,12,5,0,1,1,organic,ecommerce,False,1
27,355.11,10,3,0,0,23,paid_search,saas,False,0
65,174.18,9,7,1,2,13,social,services,False,1
59,81.47,11,2,1,2,3,paid_search,healthcare,False,0
79,1468.83,13,5,1,1,38,organic,healthcare,False,1
37,995.32,8,6,1,0,8,organic,saas,False,1
26,1585.24,4,3,1,0,1,paid_search,finance,False,0
63,238.62,19,3,0,1,9,referral,finance,False,0
24,1100.85,7,5,0,1,22,outbound,saas,False,0
129,109.65,12,2,1,1,43,referral,services,False,0
50,206.54,13,4,1,1,14,social,healthcare,False,1
42,558.9,14,5,1,5,9,outbound,finance,False,0
79,956.43,13,1,1,0,33,paid_search,ecommerce,True,0
51,2641.26,13,3,1,1,14,paid_search,saas,False,1
14,387.59,20,5,0,2,31,outbound,finance,True,0
23,207.32,9,3,1,1,11,organic,finance,True,0
127,196.93,11,1,1,1,21,social,ecommerce,True,1
58,247.68,10,3,1,2,5,social,saas,False,0
14,4541.56,13,5,0,0,21,organic,services,True,0
72,1050.34,14,5,1,2,7,paid_search,saas,True,1
35,1498.97,10,4,1,1,12,organic,ecommerce,False,0
27,388.0,12,2,0,0,66,organic,healthcare,True,1
22,491.94,15,7,0,0,58,paid_search,saas,True,0
122,991.55,14,5,0,0,4,paid_search,saas,True,1
11,297.14,12,3,3,2,21,social,saas,False,0
28,368.22,10,5,0,2,55,outbound,services,True,0
60,250.96,13,3,2,1,19,outbound,ecommerce,False,1
193,314.98,7,9,0,1,16,paid_search,finance,True,0
85,517.48,15,3,0,0,21,paid_search,services,True,0
28,216.65,11,4,1,1,23,paid_search,finance,False,0
186,655.88,8,1,0,0,30,organic,healthcare,False,0
18,654.96,5,5,1,2,30,outbound,healthcare,False,0
68,411.89,13,2,0,1,45,paid_search,ecommerce,True,0
81,215.41,8,4,1,2,65,organic,healthcare,True,1
27,547.28,11,5,0,1,5,outbound,services,False,0
95,297.41,9,3,2,0,15,paid_search,finance,False,0
36,516.25,7,7,0,1,3,organic,ecommerce,False,1
95,1477.53,13,7,0,0,34,organic,ecommerce,False,1
13,140.76,13,5,0,0,2,referral,services,True,1
71,4330.71,12,4,1,0,83,social,saas,False,0
39,458.28,11,5,0,0,46,organic,services,False,0
137,743.85,11,3,0,1,17,outbound,ecommerce,True,0
53,232.12,16,7,0,1,46,outbound,finance,True,1
148,1544.12,10,1,0,3,64,outbound,services,False,0
82,434.58,9,6,0,1,29,organic,healthcare,False,0
49,332.25,8,4,0,0,8,organic,saas,True,1
103,277.13,7,4,1,0,26,outbound,services,True,0
103,376.72,16,3,1,1,24,paid_search,ecommerce,False,0
80,748.71,10,3,2,3,11,referral,ecommerce,False,1
9,585.7,10,3,0,0,47,social,healthcare,True,0
25,473.49,12,4,1,1,4,organic,ecommerce,False,1
165,241.91,15,4,1,2,39,social,finance,False,1
20,228.34,11,4,2,3,10,outbound,saas,False,1
111,310.79,12,2,1,1,8,social,ecommerce,True,0
96,780.77,9,4,0,0,12,paid_search,services,False,0
31,955.52,13,0,0,1,17,outbound,saas,False,1
11,1093.4,11,4,0,4,82,referral,ecommerce,True,1
35,492.03,11,7,1,0,8,social,finance,False,0
288,723.11,15,4,0,1,27,outbound,services,True,0
27,416.36,15,6,0,1,55,social,healthcare,False,0
29,86.29,6,4,0,2,21,paid_search,services,False,0
25,397.05,14,3,0,1,22,organic,saas,False,0
144,338.55,9,6,1,1,9,organic,ecommerce,True,0
45,174.33,9,3,2,0,68,referral,services,False,0
33,279.39,17,7,0,1,2,referral,services,True,1
169,564.02,9,1,0,1,7,referral,healthcare,False,0
87,158.66,12,2,0,2,39,paid_search,healthcare,False,1
26,242.07,11,2,0,1,23,social,ecommerce,False,0
21,2316.71,14,2,0,0,6,outbound,saas,False,0
138,99.22,16,7,0,0,15,organic,services,False,0
55,410.27,12,2,0,3,15,social,services,True,0
16,153.5,14,4,0,1,27,social,ecommerce,False,0
13,232.38,9,7,0,1,1,referral,ecommerce,False,1
22,404.34,11,5,0,0,4,organic,ecommerce,False,0
20,183.54,13,3,0,0,16,social,saas,False,0
11,874.74,7,6,1,0,4,outbound,finance,False,0
23,1902.93,10,4,1,1,111,social,healthcare,False,0
26,1143.3,14,3,0,0,84,outbound,saas,False,0
38,1372.81,12,3,1,1,39,outbound,healthcare,True,0
212,124.0,12,4,1,2,34,paid_search,services,False,0
44,386.42,16,5,0,0,9,referral,saas,False,0
48,786.37,9,6,1,0,1,referral,ecommerce,False,0
82,1177.55,12,3,0,0,16,outbound,healthcare,False,0
45,2845.1,9,5,0,0,18,organic,saas,False,0
75,1435.17,14,4,0,1,1,paid_search,healthcare,False,0
68,1207.72,6,4,2,0,28,outbound,healthcare,False,0
60,6860.91,17,7,0,0,9,paid_search,saas,True,1
499,542.57,10,3,0,0,71,social,saas,True,0
113,369.05,10,2,1,1,31,paid_search,services,False,0
23,588.37,12,4,0,0,65,outbound,ecommerce,True,0
73,197.34,19,7,0,1,11,outbound,healthcare,False,0
29,527.23,5,2,0,2,56,paid_search,healthcare,False,1
78,87.63,16,4,1,1,20,social,services,False,0
18,290.17,13,0,0,0,4,paid_search,finance,False,0
23,439.07,13,2,0,0,155,referral,services,True,0
72,1273.64,12,7,0,0,28,social,healthcare,False,0
121,1496.81,13,7,0,1,5,outbound,ecommerce,False,0
82,187.99,10,8,1,1,26,organic,ecommerce,True,0
108,3928.58,10,3,0,1,22,organic,ecommerce,False,0
74,571.56,9,7,0,0,17,social,ecommerce,False,0
63,626.43,8,2,1,0,3,referral,saas,False,1
36,97.74,10,4,1,1,18,referral,ecommerce,False,1
105,265.06,14,5,0,2,43,organic,ecommerce,False,1
124,1407.86,13,7,1,0,33,paid_search,saas,True,1
52,583.93,9,1,0,1,47,outbound,ecommerce,False,0
50,548.84,17,2,0,2,49,organic,finance,True,0
195,618.42,19,4,1,1,17,paid_search,healthcare,False,1
54,116.37,15,5,1,3,33,outbound,services,True,0
58,447.37,12,4,2,2,5,organic,healthcare,False,0
80,2014.91,14,4,0,1,13,social,services,False,1
50,1460.75,15,2,1,3,16,paid_search,finance,False,1
28,434.76,18,8,1,2,3,outbound,saas,False,1
74,2353.52,8,2,0,1,14,social,services,True,0
53,139.9,10,5,1,3,30,outbound,saas,True,0
238,186.48,16,2,1,3,53,organic,healthcare,False,1
103,3176.78,13,2,1,3,1,referral,finance,False,1
34,878.29,12,5,0,0,81,social,ecommerce,False,0
98,369.12,12,2,0,3,1,organic,healthcare,True,1
70,466.23,15,4,0,3,31,organic,ecommerce,False,0
156,219.94,15,5,1,0,23,organic,saas,False,1
36,649.75,18,3,2,0,73,outbound,saas,False,1
63,600.28,16,4,1,0,22,social,saas,False,0
50,502.65,7,4,0,0,30,referral,saas,False,1
57,154.51,14,3,0,0,13,social,healthcare,True,0
27,642.11,13,2,1,1,11,referral,healthcare,False,0
87,290.18,14,5,0,2,9,referral,ecommerce,True,1
76,183.83,11,5,0,3,4,paid_search,finance,False,1
153,1748.9,10,1,0,0,86,referral,saas,False,0
54,4314.43,9,2,2,3,28,organic,ecommerce,False,1
39,3437.91,9,8,2,3,17,outbound,finance,False,1
103,944.0,15,5,0,1,81,outbound,services,False,0
29,377.82,6,6,1,4,48,paid_search,ecommerce,True,0
130,459.27,18,3,0,2,10,referral,saas,False,0
130,739.22,11,5,2,3,8,organic,finance,False,1
149,323.68,17,2,0,0,53,outbound,services,True,1
74,1842.37,14,7,0,1,4,outbound,ecommerce,False,0
37,64.35,9,3,0,3,28,outbound,saas,False,0
60,366.6,8,6,0,2,12,paid_search,saas,False,0
74,1097.81,10,3,0,1,55,organic,healthcare,True,0
35,211.63,13,2,1,1,26,organic,services,False,0
159,387.55,10,7,2,1,17,organic,finance,True,1
87,892.16,8,3,0,1,2,organic,ecommerce,False,1
27,2249.06,9,3,0,1,3,organic,healthcare,False,0
246,135.11,9,4,0,2,19,outbound,services,False,0
59,125.45,12,8,1,1,24,organic,healthcare,False,1
23,191.32,11,4,1,1,23,organic,services,False,0
28,105.9,10,8,0,2,69,outbound,ecommerce,False,0
180,113.71,14,4,0,2,15,referral,ecommerce,True,0
235,186.3,10,4,1,0,34,social,healthcare,False,0
122,1691.71,13,1,0,0,17,referral,ecommerce,True,1
157,360.66,18,6,0,2,55,outbound,services,True,0
145,508.45,14,2,0,2,6,referral,healthcare,True,0
85,189.53,15,4,0,2,24,referral,ecommerce,True,0
71,928.47,16,1,1,1,53,social,ecommerce,False,1
84,3215.58,9,3,0,1,41,paid_search,healthcare,False,0
98,202.83,10,3,1,0,10,paid_search,ecommerce,False,0
30,2764.87,5,1,0,1,10,paid_search,finance,True,0
98,709.4,19,4,1,0,25,organic,ecommerce,False,0
175,501.13,11,2,1,1,20,social,ecommerce,False,0
46,735.19,12,2,1,2,9,paid_search,healthcare,False,0
42,728.16,8,3,0,1,153,organic,saas,False,0
80,3156.14,13,3,2,0,1,organic,finance,True,1
32,829.0,8,7,0,1,0,outbound,healthcare,True,0
19,846.5,14,6,0,0,30,paid_search,ecommerce,False,0
137,323.27,14,2,0,1,35,social,finance,True,0
38,1140.33,16,2,0,1,28,outbound,finance,False,0
55,189.27,12,5,1,2,1,organic,services,False,1
34,549.5,17,1,0,3,21,social,ecommerce,False,1
152,8806.84,11,6,1,3,82,paid_search,ecommerce,False,1
108,40.28,13,7,0,1,63,organic,finance,False,1
45,622.13,13,5,0,0,14,social,healthcare,False,0
21,646.53,10,8,1,0,3,outbound,healthcare,False,0
41,392.25,13,3,0,1,2,paid_search,healthcare,True,1
86,401.61,13,1,0,0,46,referral,finance,True,1
63,539.91,7,2,2,0,8,paid_search,saas,False,0
60,382.99,11,5,0,2,37,referral,healthcare,False,0
65,615.22,8,8,0,2,31,referral,saas,False,0
100,302.59,11,2,2,1,21,referral,ecommerce,True,1
53,3723.4,8,3,0,0,39,referral,finance,False,0
78,382.98,16,1,0,1,3,organic,healthcare,True,0
25,870.97,12,4,0,1,19,social,ecommerce,True,0
421,252.39,8,6,1,3,26,social,services,True,1
44,1252.81,14,2,0,2,12,social,finance,False,0
64,1026.05,9,5,2,0,8,organic,healthcare,False,1
86,749.39,17,5,0,1,2,paid_search,services,False,0
39,176.38,6,0,1,2,0,paid_search,ecommerce,False,1
55,232.2,14,4,2,2,80,organic,finance,False,0
54,2660.24,9,3,0,0,12,organic,saas,True,0
26,229.64,18,3,2,1,14,paid_search,ecommerce,False,1
78,935.33,15,1,0,0,41,social,ecommerce,False,0
15,191.58,14,1,1,0,2,organic,saas,False,0
222,1350.71,10,2,1,0,5,outbound,healthcare,False,0
103,248.04,15,4,0,1,29,referral,saas,False,0
91,188.07,14,6,0,0,19,social,healthcare,False,0
14,241.69,6,2,1,2,14,referral,saas,False,1
29,283.21,12,0,1,0,19,referral,saas,False,0
166,738.54,9,10,0,1,48,referral,services,False,0
1000,528.15,7,3,2,2,37,outbound,finance,False,0
142,164.82,14,3,2,0,17,referral,services,False,0
125,479.17,7,6,1,0,21,referral,healthcare,True,1
83,157.04,12,10,1,2,6,referral,saas,False,0
28,937.82,10,6,2,2,22,social,healthcare,False,0
121,1126.54,4,5,0,0,20,organic,healthcare,False,0
23,481.09,4,7,2,1,24,referral,saas,False,0
21,646.55,14,3,1,2,12,referral,services,True,0
20,2841.6,11,1,1,1,12,outbound,healthcare,False,0
119,420.9,19,5,1,2,22,referral,finance,False,1
52,191.66,9,1,1,1,15,paid_search,healthcare,True,1
59,879.36,7,3,0,0,43,outbound,healthcare,False,0
54,158.75,10,1,1,1,127,paid_search,ecommerce,False,0
22,399.19,11,5,0,3,0,organic,services,False,1
32,270.7,17,5,1,2,14,organic,ecommerce,False,0
33,244.25,10,2,0,1,29,organic,saas,False,0
18,383.72,13,1,2,0,4,organic,saas,False,1
36,1211.84,9,4,0,1,16,paid_search,healthcare,False,0
23,1488.72,12,5,0,2,12,social,services,True,0
87,1244.15,11,3,1,2,21,social,services,True,0
93,689.77,13,4,0,1,5,organic,finance,True,0
19,380.8,10,6,2,3,9,referral,services,True,1
43,46.63,12,1,1,0,34,organic,finance,False,1
241,711.7,7,6,0,2,50,outbound,ecommerce,False,0
25,50.43,10,6,1,1,16,organic,healthcare,False,0
77,72.0,11,8,0,2,0,referral,saas,True,1
59,419.19,15,6,2,2,2,paid_search,saas,False,0
131,641.99,12,3,1,3,3,referral,ecommerce,True,0
69,313.85,9,3,0,0,7,paid_search,saas,False,1
39,2288.22,10,2,0,0,1,social,services,True,0
58,782.19,9,0,0,1,57,organic,services,False,0
58,383.98,8,8,1,3,12,outbound,ecommerce,False,0
51,1971.03,16,6,0,2,28,referral,finance,True,0
19,2356.93,7,7,1,1,23,social,ecommerce,False,1
148,822.67,12,5,0,1,52,outbound,saas,False,0
128,226.95,10,3,1,0,24,outbound,ecommerce,True,0
24,284.21,16,4,1,3,30,organic,saas,False,0
43,115.96,11,4,1,1,18,paid_search,ecommerce,False,0
46,472.29,15,6,0,2,49,paid_search,saas,True,0
22,172.42,13,3,0,2,12,paid_search,saas,False,0
12,354.58,8,0,0,0,49,referral,saas,True,0
32,639.44,22,4,1,0,5,outbound,services,True,1
41,67.78,9,7,0,1,104,outbound,saas,False,0
17,139.25,12,7,0,3,38,referral,ecommerce,False,0
63,296.83,14,7,0,2,15,referral,healthcare,False,1
138,467.53,9,3,0,1,56,outbound,ecommerce,False,0
107,300.7,17,1,2,1,3,outbound,healthcare,False,0
49,375.96,16,2,0,1,3,organic,saas,True,0
13,243.18,17,6,0,0,40,referral,healthcare,True,1
97,115.65,15,5,0,0,3,outbound,healthcare,False,0
61,288.66,10,3,0,1,6,paid_search,finance,False,0
77,398.15,7,3,0,1,79,paid_search,healthcare,False,0
257,361.26,12,2,0,1,5,outbound,ecommerce,True,0
28,551.03,10,2,1,1,0,outbound,ecommerce,False,0
5,749.12,12,8,0,0,19,outbound,saas,False,0
24,974.31,8,4,1,1,63,social,healthcare,False,0
81,261.5,18,2,0,2,23,paid_search,saas,False,0
56,101.92,7,2,0,0,14,paid_search,ecommerce,False,0
21,1757.41,16,3,0,3,42,referral,finance,True,1
18,724.47,10,5,1,3,56,referral,saas,False,1
41,189.68,8,7,2,1,16,referral,saas,False,1
20,650.48,14,4,0,1,6,referral,finance,False,0
83,1433.67,14,2,0,1,39,paid_search,ecommerce,False,0
39,2777.14,11,4,0,0,17,social,services,True,0
33,633.09,18,2,0,2,11,paid_search,services,False,0
30,1421.79,11,1,1,0,20,paid_search,services,False,0
67,146.99,7,4,0,1,18,organic,ecommerce,False,0
56,475.37,13,4,0,0,31,organic,ecommerce,False,0
64,352.48,9,4,0,1,37,outbound,healthcare,False,0
63,694.07,12,4,0,2,24,paid_search,healthcare,True,0
52,2468.08,10,6,1,1,3,organic,healthcare,False,0
24,632.63,10,6,0,0,23,social,ecommerce,False,0
30,192.93,16,3,0,1,65,referral,saas,True,0
40,139.29,17,2,1,2,4,organic,saas,False,1
285,2554.93,13,4,1,1,51,paid_search,saas,False,0
19,823.69,9,3,2,2,41,organic,saas,True,1
39,771.3,14,4,1,0,36,social,services,False,0
59,349.42,8,3,0,2,18,paid_search,saas,False,0
43,644.11,8,6,1,1,1,organic,healthcare,False,0
129,183.65,17,3,0,0,29,organic,services,False,0
43,725.74,10,3,0,0,14,referral,ecommerce,False,0
45,152.19,2,1,1,0,23,organic,healthcare,False,0
105,344.02,14,2,0,0,29,outbound,finance,False,0
232,259.07,5,2,0,0,18,organic,ecommerce,True,0
168,25.0,11,3,1,1,17,referral,healthcare,False,0
49,348.36,14,5,0,1,16,paid_search,services,False,0
52,200.56,15,3,1,1,14,paid_search,finance,False,0
57,399.26,8,6,3,1,10,organic,services,False,0
61,493.6,18,3,1,2,4,outbound,services,True,1
28,2886.88,9,3,0,2,42,outbound,ecommerce,False,0
116,668.28,11,2,0,0,8,organic,finance,True,1
64,688.22,10,6,0,3,55,organic,healthcare,False,0
53,808.85,15,6,0,1,24,outbound,finance,False,0
20,1178.28,8,9,0,2,49,referral,finance,False,1
57,776.1,7,5,0,1,41,organic,finance,False,0
12,653.09,13,7,0,1,4,organic,services,False,0
34,1003.5,14,3,1,1,18,social,ecommerce,False,0
35,43.53,15,5,1,2,33,social,finance,False,0
69,3980.06,19,3,0,1,55,referral,ecommerce,True,0
246,2415.66,10,0,0,1,16,outbound,healthcare,False,0
86,612.25,13,6,0,0,4,referral,finance,False,0
174,119.94,8,7,0,0,7,paid_search,finance,False,0
91,1653.01,19,3,0,0,25,referral,ecommerce,False,0
134,246.19,14,4,0,5,13,paid_search,healthcare,True,1
241,840.37,16,5,1,1,13,organic,ecommerce,False,0
30,136.61,9,4,0,2,0,organic,saas,True,0
29,4566.06,17,3,1,2,57,paid_search,ecommerce,False,0
93,116.49,20,4,1,0,48,social,services,False,0
54,527.94,16,2,1,3,22,organic,ecommerce,False,1
65,59.02,18,4,1,0,30,paid_search,services,False,0
45,472.85,15,3,1,2,40,referral,saas,True,0
34,322.05,12,8,0,2,9,referral,finance,True,1
200,1536.38,12,1,0,0,22,social,healthcare,False,0
23,322.02,9,4,0,3,34,outbound,finance,False,0
95,1538.59,15,4,0,2,1,social,healthcare,False,0
83,176.95,10,2,2,1,74,organic,finance,True,0
15,371.68,13,2,2,2,6,referral,services,False,0
28,379.21,14,0,2,0,11,referral,healthcare,False,0
32,808.83,8,5,0,1,13,organic,saas,True,0
86,712.21,12,4,1,3,4,organic,ecommerce,True,1
41,1014.58,15,4,0,0,11,organic,finance,False,0
51,643.44,7,5,0,1,15,paid_search,healthcare,False,0
17,954.62,6,7,0,1,4,paid_search,healthcare,False,0
351,200.77,12,2,0,4,31,organic,healthcare,False,0
58,726.91,6,4,0,2,14,outbound,ecommerce,False,1
81,2460.71,14,4,2,1,59,outbound,finance,False,0
35,91.84,13,2,0,1,0,organic,finance,False,0
32,803.52,15,4,1,0,57,outbound,finance,True,0
252,969.5,7,2,2,1,3,organic,finance,False,1
12,2124.28,11,3,0,1,12,outbound,services,False,0
68,1018.46,11,1,1,1,39,outbound,healthcare,False,0
21,544.74,11,2,0,2,2,organic,services,False,0
39,757.54,11,4,0,1,82,social,saas,True,0
33,236.27,11,2,1,2,7,outbound,healthcare,False,1
25,334.3,13,5,0,2,5,outbound,finance,False,0
56,129.58,11,5,1,0,3,outbound,healthcare,False,0
7,2179.89,12,4,1,1,29,referral,ecommerce,False,0
42,772.91,11,2,0,1,32,organic,healthcare,False,0
51,197.13,10,3,1,0,13,outbound,ecommerce,False,0
18,646.36,12,9,2,1,34,referral,services,True,0
183,1570.81,8,5,0,0,25,referral,ecommerce,False,0
34,1329.81,13,3,0,0,1,paid_search,saas,True,0
45,194.88,11,4,1,1,0,referral,healthcare,False,0
34,25.0,10,8,2,2,8,organic,ecommerce,False,1
51,731.71,7,2,0,0,27,social,saas,False,0
155,202.98,6,1,4,1,25,organic,healthcare,True,1
395,918.12,13,7,0,0,22,social,healthcare,False,0
99,1274.45,12,3,0,0,2,outbound,saas,False,0
130,1500.62,16,3,2,0,40,referral,healthcare,False,0
216,2820.7,9,6,0,1,22,referral,healthcare,False,1
67,1696.56,6,5,1,1,29,paid_search,finance,False,1
192,2834.3,11,9,0,1,12,outbound,ecommerce,False,0
103,1956.79,16,2,1,0,27,social,saas,False,0
61,2134.99,9,4,1,1,3,paid_search,services,True,1
72,473.02,9,2,0,3,37,organic,healthcare,False,0
13,135.73,17,2,1,0,11,organic,saas,False,0
69,5897.42,8,4,2,1,17,paid_search,services,False,0
16,524.77,19,2,0,1,7,outbound,saas,True,0
15,1683.63,10,2,2,0,5,social,finance,False,0
64,284.21,7,6,1,3,5,organic,finance,False,0
22,1291.97,11,1,1,4,5,outbound,services,False,0
54,42.74,8,2,0,1,23,paid_search,services,False,0
61,326.87,15,5,1,0,35,outbound,ecommerce,False,0
63,446.57,10,3,0,0,16,organic,finance,False,0
26,782.59,15,3,0,0,33,referral,ecommerce,True,1
112,1439.46,13,5,0,0,22,outbound,healthcare,False,1
51,164.99,11,5,0,0,23,paid_search,healthcare,False,0
78,953.34,11,5,0,0,30,social,saas,False,0
21,1680.2,12,4,1,1,40,outbound,saas,True,0
47,5145.67,15,4,1,3,7,organic,saas,False,1
131,998.87,16,2,0,0,121,organic,saas,False,0
119,311.22,14,3,0,2,22,social,ecommerce,False,0
29,138.14,8,6,0,3,36,paid_search,services,False,0
35,3069.29,9,3,0,1,60,organic,healthcare,False,1
25,1030.03,6,3,1,0,27,referral,finance,True,1
32,482.04,12,1,0,0,65,social,services,False,0
18,97.53,4,1,1,0,14,paid_search,finance,False,0
49,194.19,18,2,0,1,22,paid_search,ecommerce,True,0
91,926.41,9,8,0,3,4,outbound,services,False,0
29,701.93,9,6,1,3,3,referral,finance,True,1
51,70.36,9,5,0,1,6,outbound,finance,False,0
46,927.61,12,1,0,0,25,paid_search,services,False,1
127,102.67,12,3,1,1,10,outbound,healthcare,False,0
33,1908.38,9,3,0,2,13,social,healthcare,True,0
34,607.02,9,4,1,1,4,organic,services,False,0
28,310.0,6,3,1,0,85,outbound,ecommerce,True,0
22,1326.31,11,3,1,0,63,referral,services,False,0
83,701.7,7,1,0,0,9,organic,saas,True,0
49,1853.68,13,4,0,0,22,organic,saas,False,0
57,534.04,11,3,0,0,30,social,healthcare,False,1
151,566.13,14,3,0,2,5,organic,saas,False,0
158,370.46,8,3,1,0,2,paid_search,services,False,0
15,640.96,11,3,0,0,11,organic,saas,False,0
92,2691.76,10,7,1,0,21,paid_search,finance,False,1
65,298.04,11,4,0,2,124,paid_search,saas,False,0
38,941.95,9,3,2,1,27,referral,services,False,0
71,204.29,15,7,0,1,12,paid_search,ecommerce,True,0
14,62.38,8,6,0,2,58,organic,saas,True,0
176,606.35,11,2,0,0,12,referral,saas,False,0
82,713.66,15,5,0,0,10,paid_search,healthcare,True,0
27,441.4,14,4,1,2,14,social,services,False,0
34,110.39,12,3,0,0,1,organic,services,True,0
14,668.01,12,3,0,0,2,organic,ecommerce,False,1
42,643.11,12,1,0,2,95,organic,healthcare,False,0
37,202.6,16,2,0,2,19,paid_search,saas,True,0
19,127.3,11,0,0,2,31,paid_search,healthcare,False,0
102,382.84,8,9,0,2,12,outbound,healthcare,False,1
152,946.65,16,4,0,0,25,paid_search,ecommerce,False,0
53,747.44,10,5,0,1,25,referral,healthcare,False,0
43,204.21,15,4,0,3,25,referral,services,False,1
77,565.06,16,5,1,1,10,organic,saas,False,0
54,1196.46,14,8,0,2,3,referral,saas,False,1
23,152.53,9,5,1,0,15,paid_search,saas,False,0
32,524.87,12,1,1,3,4,paid_search,saas,False,0
43,1881.15,11,5,1,0,26,organic,saas,True,1
67,137.7,11,3,0,1,18,social,healthcare,False,0
55,1564.82,12,3,0,2,36,outbound,saas,True,0
65,2487.88,12,6,2,0,8,organic,finance,False,1
16,394.57,7,5,1,0,2,referral,services,False,1
93,349.67,11,2,3,4,1,social,services,True,1
55,1384.5,14,3,1,0,18,paid_search,finance,False,0
421,409.06,12,10,1,1,5,social,saas,False,1
40,46.85,10,2,0,0,0,referral,saas,True,1
71,446.4,14,2,0,1,0,outbound,saas,False,0
525,788.71,10,5,0,0,1,outbound,services,False,0
64,1032.86,8,4,0,1,5,organic,services,False,0
52,204.26,14,1,0,2,4,paid_search,ecommerce,True,0
25,376.23,16,4,0,2,9,referral,ecommerce,False,0
185,1308.85,9,1,0,0,6,organic,healthcare,False,0
22,464.05,13,5,0,0,34,paid_search,ecommerce,False,0
77,106.83,10,7,0,1,20,outbound,services,False,0
37,1698.73,13,2,1,1,17,organic,saas,False,0
47,397.78,9,3,1,1,4,paid_search,ecommerce,False,0
17,1467.36,12,4,0,1,41,outbound,ecommerce,False,0
160,122.06,11,2,0,0,8,paid_search,saas,True,1
44,436.6,9,5,1,2,1,referral,ecommerce,True,0
21,820.35,14,4,0,0,10,outbound,services,False,0
149,451.63,15,5,1,1,28,referral,saas,False,1
36,150.96,10,2,1,1,31,organic,healthcare,False,0
71,45.3,24,3,0,3,17,organic,ecommerce,False,1
107,2260.33,11,4,0,0,23,outbound,saas,True,0
80,631.46,13,4,0,1,1,paid_search,saas,True,1
9,1582.56,10,4,1,2,17,referral,ecommerce,True,0
95,1247.22,14,3,0,1,36,organic,saas,False,0
50,895.02,15,7,0,2,7,paid_search,ecommerce,False,0
42,357.33,9,1,1,1,12,outbound,services,True,0
50,804.13,11,5,0,1,6,referral,finance,False,0
15,2064.28,9,5,0,1,13,outbound,services,True,0
64,535.4,12,2,2,0,39,paid_search,ecommerce,False,0
18,3300.08,15,3,2,1,49,referral,finance,False,0
43,110.01,7,1,1,1,88,outbound,finance,False,0
62,98.8,7,5,1,1,4,paid_search,saas,True,1
129,1323.55,10,6,1,1,30,paid_search,ecommerce,False,1
28,217.3,8,2,0,1,60,outbound,healthcare,False,0
174,3802.21,4,13,1,0,43,paid_search,finance,False,1
116,1876.83,13,5,1,1,7,referral,ecommerce,False,0
39,2410.46,13,4,1,1,3,outbound,saas,False,0
22,1193.25,11,2,1,0,13,organic,services,True,0
17,196.06,15,2,1,1,1,paid_search,saas,True,1
68,93.75,16,6,0,1,38,organic,services,False,0
30,2197.98,9,6,0,2,3,paid_search,services,True,1
143,109.99,12,3,0,3,20,organic,services,True,0
32,2403.99,16,4,2,0,31,social,finance,False,1
27,962.58,15,3,2,3,18,organic,saas,True,1
66,456.57,15,4,0,2,11,social,healthcare,False,0
32,766.66,17,3,0,4,27,paid_search,finance,True,1
55,784.69,15,3,0,0,12,paid_search,finance,False,0
120,402.46,12,4,0,3,10,paid_search,ecommerce,False,0
60,2050.19,10,4,0,0,45,social,saas,False,0
60,1981.09,12,3,0,0,15,paid_search,ecommerce,False,0
64,575.74,16,3,0,0,12,paid_search,healthcare,True,0
14,270.43,13,0,0,0,20,outbound,healthcare,True,0
75,1818.84,13,6,0,0,45,referral,services,False,0
62,65.2,11,4,1,0,9,organic,finance,False,0
112,768.08,11,6,1,1,12,outbound,finance,False,0
89,1032.33,7,6,0,1,46,paid_search,ecommerce,True,1
46,215.22,14,3,0,1,24,organic,healthcare,True,0
125,1304.77,9,4,2,1,10,referral,ecommerce,True,1
43,479.92,17,6,0,1,26,organic,saas,False,0
67,285.52,10,4,0,0,63,organic,saas,False,0
43,1291.07,14,5,0,0,18,social,ecommerce,False,0
79,166.39,12,6,1,0,31,organic,ecommerce,True,0
40,1175.2,11,1,0,0,9,outbound,healthcare,False,0
204,67.87,13,5,0,1,5,outbound,saas,True,0
274,655.7,16,3,1,1,24,referral,ecommerce,True,1
110,514.83,16,3,0,2,4,social,saas,True,1
187,287.24,10,5,0,0,1,social,healthcare,False,1
16,727.51,7,6,0,2,3,outbound,healthcare,True,0
18,455.06,12,8,0,2,30,paid_search,ecommerce,False,0
42,1414.73,12,2,2,0,5,organic,saas,False,0
56,862.77,10,3,0,1,7,referral,services,False,0
47,774.87,13,7,0,5,7,referral,healthcare,True,0
15,659.75,11,3,0,1,13,organic,finance,True,0
137,307.3,12,3,1,1,9,referral,healthcare,False,0
306,364.38,11,8,0,0,30,organic,services,True,0
152,631.57,20,3,0,2,20,outbound,services,True,0
130,414.32,11,3,0,0,0,paid_search,ecommerce,True,0
65,1497.35,13,6,0,2,26,organic,finance,True,0
28,541.02,15,2,1,0,38,organic,saas,False,0
58,717.64,15,0,0,2,35,organic,finance,False,0
294,121.18,10,5,0,4,17,paid_search,ecommerce,False,0
41,1265.51,18,5,1,2,2,organic,saas,False,0
38,275.57,18,3,0,3,5,paid_search,services,True,1
132,173.7,10,1,1,0,8,organic,services,True,0
140,2555.97,7,6,0,0,20,paid_search,ecommerce,False,0
28,989.92,12,4,2,0,37,paid_search,services,True,0
44,1309.1,15,3,1,1,29,paid_search,ecommerce,False,0
37,776.27,11,1,0,4,7,paid_search,ecommerce,True,1
58,448.92,7,4,1,1,89,organic,services,False,0
132,372.56,15,4,0,0,12,organic,ecommerce,False,0
29,1073.96,14,4,1,1,26,organic,ecommerce,False,0
131,1529.23,9,2,0,1,5,social,finance,False,0
59,460.27,13,5,1,0,60,outbound,saas,True,0
351,3914.89,17,4,0,1,19,outbound,ecommerce,False,0
70,404.51,13,3,1,1,56,referral,ecommerce,False,0
51,122.24,11,5,0,1,16,referral,finance,False,0
86,88.1,14,5,0,0,22,paid_search,saas,False,0
42,91.12,7,4,1,2,13,social,saas,False,0
13,325.77,7,2,0,1,29,social,finance,False,0
45,390.72,11,4,2,2,46,outbound,saas,True,0
44,975.16,18,3,0,0,25,outbound,ecommerce,False,0
15,478.85,11,5,1,1,6,paid_search,finance,False,0
51,1145.24,16,3,1,3,0,social,finance,False,0
10,515.37,13,3,3,0,4,outbound,saas,False,1
41,499.46,10,3,0,0,35,paid_search,services,False,0
66,276.58,14,4,1,0,10,outbound,finance,True,0
59,2043.85,10,2,1,1,33,organic,ecommerce,False,1
39,106.54,8,5,0,2,1,outbound,finance,True,0
51,666.01,11,6,1,1,6,social,finance,True,0
29,410.9,15,4,1,2,4,organic,healthcare,False,0
55,1076.81,14,4,0,1,89,social,healthcare,False,0
57,482.59,5,5,0,1,48,organic,finance,False,0
27,497.03,10,6,0,2,19,social,services,False,0
68,377.42,18,5,0,2,39,social,healthcare,False,0
67,1984.77,17,2,0,1,5,referral,services,False,0
48,493.94,9,8,0,4,9,outbound,finance,True,1
379,3532.11,9,2,2,3,0,organic,services,False,1
49,646.94,7,3,1,0,30,paid_search,services,True,1
44,503.59,19,6,1,1,13,paid_search,saas,True,1
39,426.1,15,3,1,0,73,organic,saas,False,0
25,866.31,17,5,0,0,13,paid_search,healthcare,False,1
95,273.58,9,4,2,0,12,paid_search,ecommerce,False,0
32,570.06,12,6,0,1,36,paid_search,healthcare,True,0
35,496.77,11,5,0,0,49,paid_search,finance,True,0
35,682.15,15,2,0,2,5,outbound,services,True,1
25,699.27,11,4,0,0,10,paid_search,ecommerce,False,0
13,736.56,12,9,1,2,11,outbound,finance,False,0
38,541.8,14,5,0,2,34,paid_search,saas,False,0
110,2365.97,12,1,0,2,7,paid_search,healthcare,False,1
64,751.87,7,1,0,2,15,referral,saas,False,1
190,6674.08,13,4,0,0,11,paid_search,healthcare,False,1
100,517.94,19,3,0,3,16,paid_search,healthcare,False,1
83,1285.51,12,2,0,1,4,referral,finance,True,0
246,238.4,15,7,1,2,4,organic,healthcare,False,1
51,1999.77,12,7,0,0,5,paid_search,ecommerce,False,0
57,243.65,10,0,1,3,66,referral,saas,False,1
54,777.34,12,4,1,1,41,paid_search,saas,True,0
188,378.26,14,5,0,0,28,outbound,services,False,0
55,774.34,6,1,0,2,33,paid_search,services,True,0
33,389.63,12,4,0,3,48,outbound,ecommerce,False,0
87,223.8,9,2,1,0,86,social,ecommerce,False,0
28,375.56,13,5,0,2,8,outbound,ecommerce,False,0
84,2302.11,14,5,0,2,15,outbound,finance,True,0
76,786.25,11,8,0,2,98,organic,ecommerce,False,0
47,135.8,10,4,1,0,1,referral,saas,False,0
86,1473.48,8,5,1,1,7,organic,ecommerce,True,1
17,202.04,12,3,0,3,62,outbound,ecommerce,True,0
62,1036.25,13,5,0,0,10,referral,ecommerce,False,1
38,856.77,10,0,0,1,10,paid_search,saas,True,0
539,912.61,15,3,1,2,32,outbound,finance,True,1
62,3143.81,12,7,0,3,14,organic,healthcare,False,1
34,215.16,15,4,0,1,7,referral,ecommerce,False,0
18,907.59,17,7,0,1,16,social,healthcare,False,0
155,1736.43,11,3,0,2,57,organic,healthcare,False,0
41,258.96,12,1,0,0,80,referral,finance,False,0
29,233.75,10,4,1,0,8,outbound,services,False,0
71,369.74,10,5,0,1,0,organic,saas,True,0
92,681.8,9,5,0,0,0,referral,services,False,0
91,120.24,16,4,0,1,18,paid_search,finance,False,0
55,855.26,16,4,1,2,7,social,finance,False,0
62,120.5,10,3,1,2,17,organic,ecommerce,False,0
66,1796.02,11,1,0,1,38,outbound,ecommerce,False,0
71,823.67,9,4,0,2,6,outbound,saas,False,0
77,3338.04,12,4,0,1,24,organic,services,False,0
131,961.78,18,3,2,0,16,paid_search,healthcare,False,1
57,363.3,7,2,0,1,2,referral,ecommerce,False,0
28,221.7,10,4,0,2,26,social,healthcare,False,0
49,625.71,17,1,0,1,35,paid_search,saas,False,0
100,478.07,15,4,1,0,7,organic,saas,False,1
13,1613.46,16,5,0,1,1,organic,healthcare,True,0
13,194.68,13,3,2,2,37,outbound,healthcare,False,1
114,3717.85,10,2,0,0,21,paid_search,finance,False,1
184,1763.01,11,4,0,1,1,outbound,finance,False,0
20,402.01,13,5,1,3,14,referral,healthcare,False,0
59,2974.47,9,7,1,2,22,outbound,services,False,1
40,225.17,20,4,0,0,8,organic,saas,False,0
44,605.22,7,4,0,0,2,organic,finance,False,0
70,137.49,15,5,1,1,10,outbound,finance,True,1
19,3123.06,15,4,0,0,25,outbound,ecommerce,False,0
23,94.88,17,5,1,0,86,paid_search,saas,False,1
43,116.69,19,5,1,2,21,paid_search,saas,False,1
49,261.2,14,1,0,0,2,paid_search,saas,False,0
22,1848.86,12,4,0,2,12,paid_search,healthcare,False,0
103,1280.29,11,4,0,0,6,organic,saas,False,0
39,556.71,10,3,0,2,0,outbound,finance,False,0
39,1365.02,12,2,1,2,44,paid_search,saas,False,0
68,439.04,8,6,0,2,32,social,saas,False,0
49,751.77,7,7,3,1,27,organic,ecommerce,False,1
107,2570.17,7,3,0,0,4,organic,saas,False,0
26,385.05,8,4,2,1,1,social,services,False,0
18,228.98,10,4,2,0,14,paid_search,ecommerce,False,0
43,788.69,12,4,1,0,16,social,saas,False,0
57,1033.05,3,3,0,2,19,organic,saas,False,0
20,550.29,11,4,0,2,2,outbound,ecommerce,False,0
18,1343.97,19,4,0,0,22,social,healthcare,False,0
63,402.92,16,9,0,3,2,outbound,finance,True,0
30,559.78,10,6,2,1,3,organic,ecommerce,False,0
17,716.64,14,5,0,1,8,paid_search,healthcare,False,0
118,656.79,16,5,1,2,10,paid_search,healthcare,False,0
33,2473.21,13,2,0,2,50,referral,services,True,1
137,713.05,12,0,0,0,53,paid_search,healthcare,False,1
56,363.62,14,8,0,0,32,organic,ecommerce,False,0
69,835.46,9,4,1,1,19,paid_search,finance,True,0
46,1351.34,13,5,1,0,40,paid_search,services,True,1
7,1068.74,10,3,2,1,3,paid_search,ecommerce,False,0
22,1011.11,11,4,0,1,12,organic,services,False,0
49,110.16,12,6,0,0,17,paid_search,services,False,0
73,40.75,15,6,0,0,20,referral,saas,False,0
13,1763.87,21,2,0,1,24,paid_search,finance,True,0
52,764.22,16,6,0,2,64,paid_search,healthcare,True,0
22,482.23,16,5,1,1,46,referral,healthcare,True,0
66,986.65,13,5,1,0,11,social,healthcare,False,0
54,3385.68,15,4,1,0,23,paid_search,services,True,0
99,2025.42,11,3,0,2,12,referral,healthcare,False,0
128,1289.77,12,5,0,2,3,outbound,healthcare,False,0
79,203.01,14,3,1,2,71,referral,saas,False,0
109,231.18,15,3,1,0,2,outbound,ecommerce,True,1
41,45.31,13,3,0,2,6,social,services,False,0
522,928.45,11,6,1,2,62,organic,finance,False,0
21,1493.13,14,3,2,3,25,paid_search,saas,False,1
36,1619.99,11,12,0,3,59,social,services,False,0
112,968.19,14,3,0,3,3,outbound,services,False,0
100,422.39,24,3,0,1,4,paid_search,healthcare,False,0
81,280.26,9,5,0,2,106,organic,saas,False,0
94,215.86,9,6,0,0,73,referral,healthcare,True,0
10,418.46,9,6,0,3,16,organic,saas,False,0
195,185.34,10,4,0,2,4,social,ecommerce,False,0
46,2852.51,14,3,0,1,18,referral,healthcare,True,0
148,133.97,12,1,0,2,31,social,services,True,0
11,404.62,10,3,0,4,1,outbound,ecommerce,False,0
67,71.08,8,4,1,0,23,referral,services,False,1
35,662.85,11,3,0,2,7,referral,services,False,0
86,491.58,9,4,1,1,26,social,saas,False,0
70,344.88,15,4,1,4,2,outbound,saas,True,1
73,193.88,15,4,0,1,57,outbound,finance,False,0
23,493.96,12,6,0,0,22,organic,finance,False,0
52,285.87,12,1,1,0,30,referral,ecommerce,True,1
47,429.72,16,3,0,0,15,organic,finance,False,0
81,3489.21,16,4,0,0,26,outbound,healthcare,False,0
120,585.33,12,5,2,1,45,referral,finance,False,1
62,839.55,13,7,0,2,3,paid_search,finance,False,0
20,309.68,15,7,0,3,5,organic,saas,False,1
60,224.88,16,3,0,0,14,paid_search,saas,False,0
441,481.57,6,4,1,4,25,social,saas,False,1
204,6026.53,11,4,0,4,5,organic,services,True,1
5,369.66,16,5,0,0,87,organic,services,False,0
57,707.29,11,6,0,2,8,outbound,finance,True,1
115,215.21,7,7,1,1,4,social,saas,False,0
47,31.33,16,4,1,3,41,organic,healthcare,True,1
38,223.67,18,4,1,0,12,paid_search,saas,False,0
44,5327.88,9,4,0,1,89,outbound,ecommerce,False,0
85,893.72,12,4,0,0,4,social,ecommerce,True,0
22,2542.55,8,2,0,0,35,referral,services,False,0
141,348.03,13,6,0,0,5,paid_search,saas,True,1
52,46.67,11,5,1,1,61,paid_search,healthcare,False,0
26,162.6,10,6,2,2,24,organic,services,False,1
134,732.91,10,6,0,0,1,social,finance,True,0
16,624.91,12,3,0,0,29,organic,saas,False,0
35,487.64,15,4,0,1,4,organic,services,False,0
35,289.96,7,4,0,2,14,social,healthcare,False,0
303,1261.07,11,6,0,1,11,outbound,ecommerce,False,0
32,298.47,15,6,1,0,3,social,finance,False,1
10,670.36,6,7,1,1,7,referral,services,False,0
34,599.04,14,2,0,2,26,referral,healthcare,False,0
79,340.87,16,3,1,0,25,paid_search,healthcare,False,0
102,204.12,15,4,0,2,49,paid_search,ecommerce,True,0
337,321.39,12,4,2,0,8,referral,saas,False,0
168,3208.7,10,5,0,2,29,paid_search,finance,False,0
63,1498.84,13,2,1,1,37,referral,saas,False,0
27,1367.02,11,1,0,2,23,outbound,ecommerce,False,1
200,224.42,9,4,1,1,31,outbound,ecommerce,True,0
41,117.02,7,5,0,0,38,organic,ecommerce,True,0
32,1475.12,7,8,1,0,43,paid_search,ecommerce,False,0
39,1217.76,10,5,0,3,83,organic,healthcare,False,0
20,565.24,15,1,0,1,5,paid_search,ecommerce,False,1
38,340.17,14,4,1,0,40,paid_search,saas,True,1
45,113.98,10,4,2,0,9,organic,services,False,1
98,1173.09,10,8,0,1,5,social,services,False,0
40,1613.46,13,4,2,0,3,referral,ecommerce,False,0
20,249.86,12,5,0,2,30,outbound,ecommerce,False,0
15,229.84,12,4,0,1,12,organic,saas,False,0
65,1704.56,15,0,0,0,6,organic,saas,False,0
58,259.34,11,5,0,0,23,paid_search,ecommerce,True,0
35,2919.19,12,2,0,0,143,organic,services,False,0
38,441.84,13,5,0,2,40,paid_search,finance,False,0
74,334.77,19,6,0,0,29,outbound,ecommerce,False,0
166,515.48,15,2,0,0,45,organic,services,True,0
29,334.74,15,5,0,0,7,organic,ecommerce,False,0
59,1519.62,13,3,0,1,72,referral,ecommerce,True,0
118,1194.89,12,3,0,1,9,referral,ecommerce,False,0
29,1462.8,14,4,0,1,15,referral,saas,False,0
54,592.6,10,3,1,0,22,paid_search,services,False,0
53,312.2,11,6,0,2,4,outbound,ecommerce,False,0
19,488.3,12,6,2,3,41,organic,finance,False,1
62,321.92,15,3,1,0,4,paid_search,ecommerce,True,1
56,2135.8,12,3,0,1,79,social,services,False,0
85,1342.48,12,3,1,1,6,outbound,healthcare,False,0
21,449.65,13,4,0,1,3,paid_search,healthcare,False,0
55,195.1,11,2,0,1,61,referral,saas,False,0
165,2300.4,11,7,0,0,59,organic,services,True,0
288,564.92,17,5,1,0,17,organic,healthcare,True,1
152,432.61,8,3,3,1,33,organic,ecommerce,False,1
21,2320.77,16,5,1,1,5,social,services,False,1
78,295.91,10,5,2,0,19,paid_search,saas,True,1
37,358.19,12,4,0,0,1,social,ecommerce,True,0
69,391.21,12,5,0,1,88,organic,healthcare,False,0
29,132.08,9,5,0,1,4,outbound,ecommerce,True,1
14,675.69,11,2,0,1,20,outbound,healthcare,False,0
41,229.9,16,5,0,2,2,organic,ecommerce,False,0
97,278.46,10,4,2,0,39,organic,saas,False,0
69,243.61,12,4,2,0,49,organic,saas,True,1
75,273.95,15,5,2,1,77,outbound,saas,True,1
65,212.96,9,3,0,0,34,organic,services,True,0
75,630.94,12,1,0,1,33,referral,healthcare,False,0
83,421.75,12,5,0,3,15,paid_search,healthcare,False,0
44,516.98,17,5,1,0,93,social,ecommerce,False,0
58,5186.36,9,5,0,1,27,referral,finance,False,0
220,421.76,9,5,2,1,3,referral,saas,False,1
61,902.3,15,0,1,2,75,outbound,ecommerce,False,0
56,1011.05,16,7,0,1,0,organic,finance,True,1
59,462.73,11,4,1,0,33,outbound,healthcare,False,0
46,647.94,13,5,1,1,7,organic,finance,False,0
39,503.05,14,4,0,3,100,referral,services,False,0
65,603.39,13,3,1,1,59,outbound,services,False,0
36,274.1,15,2,1,4,25,social,saas,False,1
49,300.6,10,4,1,1,32,social,saas,False,0
29,501.16,17,1,3,1,20,paid_search,saas,True,1
60,68.59,16,4,0,2,20,paid_search,finance,False,0
87,2199.69,9,6,0,0,28,paid_search,services,False,0
46,4276.36,14,4,1,1,6,referral,services,False,0
11,584.26,15,4,0,1,23,paid_search,ecommerce,True,0
88,958.6,10,4,0,0,31,paid_search,services,False,0
60,1452.52,15,4,0,1,29,paid_search,healthcare,False,1
25,131.02,17,4,2,2,48,paid_search,services,False,0
101,1246.73,13,2,1,0,31,paid_search,healthcare,False,0
18,321.68,12,3,0,0,6,organic,saas,False,0
126,4869.39,11,7,0,0,11,outbound,saas,False,1
52,408.19,10,8,0,2,19,referral,services,False,0
9,1221.92,10,3,0,1,12,organic,ecommerce,False,1
63,412.23,12,5,0,2,23,social,ecommerce,True,1
39,4432.38,19,5,0,1,12,outbound,ecommerce,False,0
35,295.2,8,2,2,1,1,organic,ecommerce,False,1
30,1579.86,12,0,1,3,23,organic,services,False,0
49,922.12,16,7,0,1,27,organic,saas,True,1
37,738.27,23,1,0,1,7,organic,saas,False,0
12,619.56,9,2,0,1,44,social,finance,False,0
151,252.9,14,8,0,0,51,outbound,healthcare,False,0
45,37.11,10,3,0,2,15,organic,saas,False,0
30,1442.87,10,2,0,0,16,social,saas,False,0
22,302.22,10,4,0,1,76,organic,saas,False,0
101,1587.0,11,3,0,1,56,referral,ecommerce,True,0
19,700.43,18,5,0,1,46,social,saas,False,0
61,1636.4,7,3,0,0,13,paid_search,saas,False,0
34,1098.71,13,6,0,0,87,organic,finance,True,0
36,41.9,12,4,0,2,49,referral,services,False,1
23,911.32,17,5,1,0,11,outbound,services,False,0
33,349.44,12,4,0,0,5,paid_search,ecommerce,False,0
55,1579.73,14,5,1,1,6,organic,ecommerce,False,1
66,889.99,13,2,1,3,0,organic,services,False,0
29,900.52,9,4,1,1,14,referral,finance,False,0
51,375.31,12,3,2,1,5,referral,healthcare,False,1
111,197.83,9,6,0,0,26,social,ecommerce,False,0
14,319.61,8,1,0,0,28,social,ecommerce,False,0
54,81.46,11,2,2,4,20,outbound,healthcare,False,0
26,273.05,15,4,1,1,18,outbound,healthcare,False,0
24,113.96,9,4,0,0,24,organic,saas,False,0
67,117.01,8,3,1,1,49,referral,services,False,0
35,553.62,8,2,0,2,37,paid_search,healthcare,True,0
21,840.54,9,4,0,0,49,paid_search,healthcare,False,0
158,477.33,14,5,0,1,53,outbound,saas,True,0
114,299.23,14,5,1,0,12,social,finance,False,0
12,191.06,7,6,0,1,6,outbound,finance,True,0
17,358.82,16,2,0,1,29,paid_search,saas,True,0
88,216.54,8,6,1,3,21,referral,healthcare,False,1
43,462.74,14,7,0,1,89,referral,finance,False,0
181,107.61,10,6,0,1,3,organic,services,True,0
89,993.58,16,3,0,1,34,organic,saas,False,0
69,279.49,11,2,1,3,12,referral,services,False,1
24,717.85,10,4,1,3,42,organic,ecommerce,False,0
81,1196.58,10,3,0,0,28,outbound,saas,False,0
20,683.94,7,2,1,2,18,organic,saas,False,0
155,1095.68,13,3,0,2,4,organic,saas,False,0
77,62.39,17,5,1,1,106,social,ecommerce,True,0
28,301.01,15,1,1,1,23,organic,healthcare,False,1
104,1484.86,8,4,0,2,5,outbound,finance,False,0
328,819.94,19,9,0,2,32,social,saas,False,0
46,3128.98,15,2,0,1,102,organic,services,False,0
85,2709.12,10,0,0,3,4,social,saas,False,0
39,664.87,10,6,0,2,4,referral,healthcare,True,1
58,382.99,10,4,4,0,21,social,services,True,1
16,188.96,13,4,1,0,19,outbound,services,False,0
55,306.19,7,4,1,2,19,social,healthcare,False,1
57,327.59,10,0,1,0,9,referral,finance,False,1
230,272.26,5,4,1,0,25,paid_search,saas,False,0
13,196.7,15,2,0,1,37,social,saas,True,0
44,736.26,12,4,0,2,11,outbound,ecommerce,True,0
153,2688.23,12,3,2,1,22,referral,saas,False,0
45,1252.95,13,5,1,4,44,social,ecommerce,False,0
48,356.94,16,3,3,4,0,paid_search,saas,False,1
28,1358.35,22,5,1,1,13,social,services,False,0
26,696.91,11,4,0,0,40,outbound,services,False,0
13,473.09,11,6,0,3,11,organic,services,False,1
33,444.47,13,4,0,0,37,organic,finance,True,0
25,403.45,21,8,0,4,39,referral,saas,False,1
60,944.89,11,5,0,0,15,referral,saas,False,1
29,566.61,9,3,0,0,5,referral,finance,False,0
37,237.84,14,2,1,2,10,organic,healthcare,True,1
38,226.59,12,6,0,2,41,paid_search,ecommerce,False,0
53,669.08,14,1,2,2,17,referral,healthcare,False,1
36,756.46,11,6,1,2,6,referral,healthcare,True,1
23,360.27,5,3,2,3,1,social,saas,False,0
58,158.86,13,4,3,0,2,social,ecommerce,True,1
128,1721.52,7,5,0,2,17,referral,ecommerce,False,1
61,1392.15,15,5,1,2,23,social,healthcare,False,0
34,67.53,17,3,1,2,64,referral,services,False,1
49,1881.05,8,1,0,0,16,referral,healthcare,False,0
11,399.82,14,4,0,0,107,referral,finance,True,0
49,595.85,12,4,1,1,8,organic,services,False,1
40,1537.98,9,12,0,1,28,paid_search,saas,False,0
26,2572.26,12,2,1,1,30,referral,finance,False,1
30,1343.27,12,3,0,0,24,outbound,healthcare,False,0
39,627.05,9,3,0,1,13,social,healthcare,False,0
121,124.51,10,1,1,2,42,organic,saas,False,0
131,64.96,11,5,1,2,24,referral,services,False,0
26,1185.78,12,2,1,1,58,organic,services,False,1
36,1885.65,6,5,0,1,16,social,saas,False,0
37,218.19,13,3,0,0,10,outbound,saas,False,0
104,376.24,12,2,0,3,9,referral,saas,False,0
61,282.23,8,2,1,3,41,referral,finance,False,0
59,274.82,17,5,0,2,8,paid_search,healthcare,False,0
84,1443.7,10,2,1,3,36,paid_search,saas,True,0
34,613.01,11,5,1,1,20,outbound,services,False,0
163,391.83,10,1,2,3,5,social,ecommerce,False,1
55,7027.03,14,3,1,1,55,referral,ecommerce,False,0
28,117.4,17,6,0,3,33,paid_search,ecommerce,False,0
45,852.28,11,4,0,3,9,organic,healthcare,False,0
146,172.61,9,6,0,0,2,organic,healthcare,False,0
39,420.97,9,4,2,0,36,organic,ecommerce,True,0
117,571.71,11,5,0,3,48,paid_search,ecommerce,False,0
33,1146.65,13,5,1,1,10,outbound,services,False,0
30,379.49,7,3,1,1,62,referral,healthcare,False,0
93,341.4,13,8,0,1,1,organic,services,False,0
27,372.75,2,6,0,2,30,organic,healthcare,False,0
105,167.34,10,4,0,1,2,paid_search,finance,False,1
72,927.33,10,5,1,1,18,outbound,ecommerce,False,0
27,652.84,10,5,0,1,35,paid_search,finance,False,0
52,761.41,9,3,0,0,33,social,ecommerce,False,0
35,459.65,11,7,1,1,46,outbound,saas,False,0
72,406.31,10,4,0,0,26,organic,saas,False,0
247,1596.55,11,4,3,0,149,referral,saas,False,1
41,1368.93,6,3,0,1,7,outbound,services,False,0
84,2027.99,9,3,1,1,35,paid_search,services,True,0
56,715.22,20,3,2,5,55,organic,finance,True,1
56,1905.81,13,7,2,3,52,outbound,saas,True,0
48,325.03,12,7,0,2,10,outbound,services,False,1
27,403.09,14,6,0,1,2,referral,finance,False,1
71,1627.99,11,4,0,0,22,referral,ecommerce,False,1
43,1145.3,8,8,1,0,29,organic,healthcare,False,0
26,368.54,12,5,2,1,52,outbound,finance,True,1
123,173.08,12,3,0,0,18,referral,saas,False,1
59,401.83,15,5,1,2,60,organic,healthcare,False,1
45,248.42,10,4,1,0,22,social,finance,True,0
160,2764.19,7,6,0,0,27,outbound,saas,False,0
13,1053.68,11,2,1,1,30,outbound,ecommerce,True,0
151,229.08,12,1,1,0,9,paid_search,healthcare,False,0
27,173.3,10,4,0,1,65,organic,finance,False,0
65,226.26,9,5,0,3,94,outbound,services,False,0
34,281.79,18,4,0,3,14,outbound,services,True,1
26,417.09,15,6,1,2,10,referral,healthcare,False,0
156,1501.99,11,5,3,0,15,referral,healthcare,False,1
241,187.44,4,6,0,2,77,paid_search,healthcare,False,0
46,4863.61,15,8,0,1,17,paid_search,healthcare,False,0
71,191.85,17,3,1,0,16,organic,saas,False,1
57,120.42,20,5,1,1,15,organic,finance,False,0
218,2665.92,8,2,1,1,38,organic,finance,False,0
10,1846.88,11,4,0,1,9,outbound,healthcare,False,0
74,410.61,10,4,1,0,17,organic,services,True,1
31,721.5,7,4,0,0,8,organic,finance,True,0
8,739.94,13,5,0,2,20,referral,ecommerce,True,1
41,564.94,12,11,2,0,5,organic,saas,True,1
239,134.76,16,3,3,0,1,organic,saas,False,0
32,41.18,13,4,1,1,18,referral,ecommerce,True,0
103,211.72,13,1,0,1,5,paid_search,ecommerce,True,0
142,3029.5,8,4,0,1,30,referral,saas,False,1
54,3150.81,9,5,0,0,9,outbound,saas,True,1
60,379.24,11,3,0,3,34,organic,saas,False,1
14,189.05,10,8,0,3,11,outbound,finance,False,1
31,650.75,19,4,0,2,16,outbound,finance,False,0
113,764.32,15,7,0,1,1,outbound,ecommerce,True,1
57,898.49,10,2,0,1,87,referral,saas,True,0
73,39.37,15,6,1,1,10,referral,saas,True,0
61,11588.36,13,2,0,3,6,referral,saas,False,1
315,1529.16,10,5,0,0,2,social,ecommerce,False,0
39,404.29,14,4,1,1,7,organic,saas,False,0
197,240.21,11,7,0,3,43,outbound,ecommerce,True,0
61,1322.54,9,6,0,2,30,referral,services,False,1
212,808.67,16,6,1,1,28,social,healthcare,False,0
20,540.31,12,3,1,0,13,paid_search,services,False,0
63,779.25,8,8,0,0,9,organic,saas,True,1
40,440.22,17,6,1,3,12,referral,ecommerce,True,0
61,736.47,6,4,1,1,11,referral,services,True,0
145,1018.78,17,6,2,1,27,paid_search,ecommerce,False,0
74,694.59,11,2,0,1,42,paid_search,healthcare,True,0
145,659.13,14,1,0,0,44,organic,services,True,0
32,1983.98,12,5,2,4,3,referral,healthcare,True,1
28,99.77,11,3,0,2,123,paid_search,ecommerce,False,0
55,221.88,8,2,2,1,7,outbound,healthcare,False,1
53,506.01,9,3,0,1,68,organic,saas,True,0
47,237.49,14,3,0,1,13,paid_search,saas,False,0
25,331.61,13,7,0,2,89,paid_search,saas,False,0
142,1786.01,11,3,0,2,23,referral,services,False,1
41,424.55,15,3,1,1,46,referral,finance,True,0
171,79.11,18,4,1,0,27,referral,ecommerce,False,0
55,322.68,16,3,1,2,1,outbound,saas,False,0
92,522.23,11,5,0,2,33,paid_search,finance,False,0
85,512.7,17,4,0,0,22,social,services,False,0
28,859.23,15,5,1,1,23,organic,ecommerce,False,0
73,791.86,12,7,1,2,1,paid_search,ecommerce,False,0
255,428.88,15,9,0,2,3,paid_search,services,False,0
67,149.45,11,4,1,1,49,organic,services,False,1
112,316.99,14,4,0,1,31,referral,services,False,1
95,264.34,9,2,0,0,2,social,ecommerce,False,0
70,370.52,20,7,2,2,29,social,saas,False,1
63,983.55,11,3,0,2,1,referral,ecommerce,False,0
85,738.12,14,4,1,0,14,referral,ecommerce,False,0
101,1123.28,11,4,0,1,40,paid_search,services,False,0
19,335.6,13,3,0,0,38,organic,saas,False,0
67,2226.89,9,4,2,1,119,organic,healthcare,False,0
47,965.69,10,5,0,0,73,social,services,False,0
40,551.28,15,7,2,1,13,outbound,services,False,1
154,900.86,15,9,1,0,1,organic,finance,False,0
30,250.7,11,2,0,1,23,referral,services,True,1
18,59.81,17,7,1,1,41,social,saas,False,1
103,268.62,12,5,0,0,22,outbound,ecommerce,False,0
18,1040.5,14,1,0,1,11,referral,saas,False,0
12,533.9,18,4,1,1,3,referral,services,True,1
113,429.73,15,5,2,5,21,social,services,True,1
62,211.06,10,0,1,0,19,outbound,saas,False,0
80,69.7,10,0,0,0,45,organic,saas,True,1
38,2048.46,10,2,0,2,51,outbound,ecommerce,False,0
18,400.26,17,4,1,0,28,organic,ecommerce,False,0
21,320.69,14,3,1,0,7,outbound,services,True,0
44,251.73,23,4,1,1,49,organic,saas,False,0
20,1727.66,12,4,1,3,93,organic,finance,False,0
70,1189.57,13,3,1,0,30,organic,healthcare,True,1
38,187.31,18,5,0,0,18,paid_search,ecommerce,False,0
63,1578.99,8,4,1,3,9,paid_search,saas,False,0
62,426.21,9,3,0,1,4,organic,services,True,0
74,267.59,13,5,0,1,7,paid_search,healthcare,True,1
81,367.38,16,2,0,0,27,paid_search,ecommerce,False,1
41,225.14,16,6,0,0,30,social,ecommerce,False,0
63,131.52,10,6,1,3,2,outbound,services,True,1
66,1070.77,15,3,0,1,10,social,services,False,0
8,395.16,9,4,1,1,7,organic,services,False,0
92,913.43,14,5,1,2,31,paid_search,healthcare,True,0
62,656.69,10,1,0,0,76,outbound,services,False,0
86,852.81,14,3,1,0,50,organic,ecommerce,False,0
20,63.69,9,1,1,0,14,paid_search,finance,False,0
42,207.11,15,7,1,2,9,outbound,ecommerce,True,1
23,870.76,17,6,2,0,51,outbound,healthcare,True,0
99,137.71,16,1,0,0,9,paid_search,services,False,0
18,715.56,15,7,1,1,16,social,services,True,0
26,122.65,4,6,1,1,8,paid_search,healthcare,True,0
84,500.92,6,8,1,0,25,social,healthcare,True,0
33,2465.11,15,4,0,1,9,organic,services,True,1
26,1069.13,15,4,3,1,2,organic,services,True,1
113,77.42,19,6,1,1,15,referral,finance,False,0
117,1150.98,10,2,1,2,3,organic,saas,False,1
97,3047.99,12,5,1,0,12,social,ecommerce,True,0
108,8078.94,12,2,0,1,38,paid_search,services,True,1
45,792.41,14,2,0,0,6,outbound,finance,False,0
46,125.91,16,6,0,0,119,outbound,finance,False,0
33,761.03,6,1,1,1,10,referral,finance,False,0
62,2430.94,9,3,0,0,29,social,ecommerce,False,0
36,408.67,10,3,0,1,14,paid_search,ecommerce,False,0
39,1398.43,13,5,0,0,2,referral,services,True,1
88,212.81,15,3,0,2,2,organic,ecommerce,False,0
141,715.05,17,5,1,2,32,outbound,finance,False,0
75,40.87,5,4,0,3,24,outbound,finance,False,1
229,190.5,15,5,0,1,78,outbound,services,False,0
31,489.74,8,1,1,0,36,outbound,ecommerce,False,0
13,342.63,14,2,1,1,43,outbound,finance,False,0
97,134.21,9,8,0,0,18,organic,saas,True,0
29,298.97,8,4,1,2,64,outbound,saas,True,0
44,685.16,14,4,1,0,6,referral,ecommerce,False,1
13,452.04,12,1,1,1,3,paid_search,saas,False,1
27,523.71,20,3,0,1,39,referral,services,False,0
16,1024.51,13,0,2,0,35,paid_search,services,False,0
39,349.62,10,3,1,2,25,paid_search,saas,False,0
40,1918.27,17,2,1,1,3,organic,services,False,1
59,183.23,8,2,1,1,6,organic,healthcare,False,0
147,3388.03,15,2,1,1,17,referral,finance,False,1
94,1499.73,9,11,0,1,9,outbound,services,False,0
15,345.16,11,3,1,0,17,referral,healthcare,False,1
89,368.96,17,5,0,0,2,referral,saas,False,0
60,605.91,14,6,1,0,19,paid_search,saas,True,0
50,896.65,15,3,0,3,12,paid_search,healthcare,False,0
54,1472.25,13,4,1,1,15,organic,services,False,0
64,128.95,10,5,0,2,31,outbound,healthcare,False,0
31,763.14,8,2,0,0,37,organic,ecommerce,True,0
47,59.35,8,4,0,2,8,social,saas,False,0
141,412.69,5,5,0,1,2,social,services,False,0
31,2108.88,10,2,1,2,0,referral,ecommerce,False,0
24,119.39,12,8,1,1,46,outbound,finance,False,0
52,99.56,12,5,1,0,3,paid_search,finance,False,0
22,614.49,13,2,2,1,17,outbound,ecommerce,False,0
14,1973.23,12,1,1,0,57,social,saas,False,0
41,682.25,10,9,0,2,35,social,ecommerce,False,0
174,73.36,9,3,1,0,1,social,ecommerce,False,0
53,91.55,6,4,0,0,30,outbound,finance,False,0
63,543.35,12,4,0,1,14,outbound,services,False,0
10,151.53,9,3,2,1,6,paid_search,saas,True,1
78,564.92,11,6,0,2,52,outbound,healthcare,True,0
59,599.44,15,3,0,1,8,social,saas,False,0
32,301.94,12,1,1,0,17,paid_search,saas,False,0
63,3025.27,13,3,0,2,8,outbound,finance,True,0
63,889.33,9,5,1,0,16,paid_search,finance,True,1
23,1655.06,18,2,0,1,7,referral,finance,False,0
71,1237.17,10,5,1,1,6,organic,saas,False,0
142,424.08,12,2,0,3,28,organic,healthcare,True,0
45,405.68,15,1,1,0,25,outbound,ecommerce,False,0
27,365.91,8,1,1,1,1,paid_search,services,True,1
47,973.7,10,3,0,2,18,paid_search,finance,False,0
108,257.14,9,2,1,1,79,organic,services,True,0
20,2765.66,11,7,0,0,140,referral,saas,False,0
87,233.72,9,10,0,1,21,outbound,ecommerce,True,0
32,610.62,11,1,1,0,38,outbound,finance,False,0
66,391.87,16,3,1,1,14,organic,ecommerce,True,1
35,313.94,11,2,0,1,43,referral,healthcare,False,0
35,4325.78,9,9,0,1,69,paid_search,healthcare,False,0
185,317.65,13,10,0,2,145,referral,services,False,0
18,363.32,14,5,0,0,42,paid_search,saas,False,0
81,253.63,12,4,1,1,5,paid_search,services,False,0
218,513.39,11,0,1,1,29,referral,ecommerce,True,0
94,445.28,13,5,0,2,8,referral,ecommerce,True,1
19,160.89,6,3,0,0,96,referral,healthcare,False,0
20,322.35,12,6,1,0,13,referral,ecommerce,True,0
30,906.59,9,5,0,3,17,outbound,services,True,0
62,1376.07,13,5,0,2,8,social,services,False,0
65,504.72,12,3,0,0,6,paid_search,services,True,1
20,522.69,14,2,2,0,61,outbound,services,False,0
27,343.44,16,2,0,3,15,outbound,finance,False,0
29,298.14,8,7,1,0,2,organic,ecommerce,False,0
47,196.45,13,5,0,2,25,referral,services,True,0
267,103.89,11,2,0,1,8,paid_search,saas,False,0
26,244.09,16,6,2,2,49,social,services,False,0
25,1216.89,13,3,0,2,28,organic,healthcare,False,1
22,322.33,12,3,1,1,27,social,finance,False,0
91,348.62,14,9,0,0,8,paid_search,ecommerce,False,1
53,341.9,12,3,0,0,48,referral,ecommerce,False,0
27,1710.79,18,6,0,0,9,outbound,saas,False,1
41,194.73,13,4,0,1,62,paid_search,ecommerce,False,0
29,650.05,8,4,0,0,6,outbound,ecommerce,False,0
69,460.14,15,4,1,2,82,outbound,saas,False,0
468,527.38,15,3,1,0,44,outbound,saas,False,1
85,629.14,9,3,1,1,26,organic,healthcare,False,0
51,521.74,14,1,1,0,34,outbound,ecommerce,False,0
32,1089.01,18,3,0,2,66,organic,services,False,0
19,478.54,11,1,0,0,47,paid_search,saas,False,0
98,2819.67,12,2,1,1,39,outbound,healthcare,True,0
94,515.16,13,7,0,2,87,social,saas,False,0
38,89.71,11,2,0,2,36,referral,healthcare,False,0
144,932.91,9,3,0,1,20,paid_search,healthcare,False,0
56,729.31,16,10,0,0,79,outbound,healthcare,False,0
101,509.05,21,2,1,1,7,social,ecommerce,False,0
69,380.1,15,5,2,2,0,paid_search,healthcare,False,1
47,59.46,10,2,0,2,23,outbound,saas,False,0
25,70.33,16,5,0,0,41,organic,ecommerce,True,0
49,2559.38,12,3,1,1,38,organic,ecommerce,False,0
107,274.38,14,6,0,1,21,referral,finance,False,1
36,1294.16,8,4,0,1,14,outbound,ecommerce,False,0
78,99.18,11,5,0,3,13,organic,finance,True,0
23,172.97,10,3,0,0,11,organic,ecommerce,True,0
102,971.31,10,8,1,0,12,organic,saas,False,1
70,444.74,19,2,3,0,10,outbound,ecommerce,False,1
21,843.59,12,2,0,1,41,organic,saas,True,0
46,486.08,7,2,0,2,35,referral,healthcare,False,0
115,400.35,9,7,1,1,17,outbound,services,False,0
20,249.62,11,3,0,1,6,organic,finance,False,0
23,149.31,10,3,0,1,180,referral,ecommerce,True,0
52,2003.6,7,0,0,0,32,referral,saas,False,1
301,2362.11,15,5,0,1,28,outbound,services,True,0
32,174.39,11,6,0,3,3,paid_search,saas,False,1
81,163.35,11,1,0,2,180,paid_search,ecommerce,False,0
67,348.01,11,3,1,1,3,organic,services,False,0
34,692.59,9,4,0,1,41,social,ecommerce,False,0
62,410.83,12,5,1,2,23,social,saas,False,1
38,812.02,13,0,0,3,31,organic,ecommerce,False,0
41,469.07,12,2,1,0,3,paid_search,healthcare,False,0
14,439.38,7,6,1,1,75,outbound,saas,False,1
54,5503.17,15,5,0,3,38,organic,finance,False,0
112,291.43,11,5,0,1,12,paid_search,ecommerce,True,1
57,2540.07,11,2,3,0,15,referral,ecommerce,False,0
131,2094.07,13,3,1,1,4,paid_search,saas,False,0
87,815.74,13,4,0,0,1,paid_search,services,True,1
52,71.8,5,6,0,0,3,paid_search,ecommerce,False,0
33,508.29,12,3,0,3,16,organic,finance,False,0
37,294.51,8,9,0,1,8,referral,ecommerce,False,0
17,502.75,14,6,1,0,27,social,saas,True,0
44,170.21,11,3,3,1,59,referral,ecommerce,True,1
61,1049.7,7,3,0,2,95,organic,healthcare,False,0
215,1319.47,7,2,1,0,19,outbound,ecommerce,False,0
83,1587.67,10,4,0,1,9,organic,services,True,1
27,336.24,15,2,1,2,24,social,services,False,1
17,170.81,16,5,0,1,17,paid_search,finance,False,1
46,700.42,11,5,0,1,78,social,healthcare,False,0
105,2852.85,13,7,0,2,8,organic,healthcare,False,0
46,528.15,9,7,0,1,0,organic,healthcare,False,0
84,774.56,14,4,0,3,4,referral,ecommerce,False,1
47,389.58,12,2,2,1,19,organic,services,False,0
97,297.83,11,5,0,0,7,organic,services,True,0
15,951.72,14,0,2,1,20,social,ecommerce,False,1
197,443.16,11,3,2,0,2,outbound,services,True,1
22,737.69,18,5,1,0,13,organic,services,True,0
103,818.53,11,1,1,2,8,outbound,ecommerce,False,0
44,697.51,11,4,1,1,8,social,services,False,1
50,860.79,18,0,0,0,44,outbound,saas,False,0
45,209.98,12,4,0,1,4,social,saas,False,0
67,197.55,12,2,0,1,19,social,ecommerce,False,0
79,472.19,14,2,1,1,2,referral,healthcare,False,0
127,483.69,14,3,2,0,4,social,ecommerce,True,1
168,292.27,13,4,2,1,17,outbound,services,True,1
71,627.03,9,9,2,0,7,organic,ecommerce,True,1
215,1221.97,11,4,0,1,10,paid_search,ecommerce,False,1
59,1615.68,16,1,0,2,26,organic,healthcare,True,1
129,2022.85,13,4,0,0,26,outbound,saas,True,0
77,132.32,11,3,1,1,55,paid_search,finance,True,1
35,154.01,11,5,0,0,14,social,ecommerce,False,0
63,368.84,12,4,0,1,34,outbound,services,False,0
82,533.94,10,5,1,1,7,outbound,finance,False,0
53,388.22,9,4,1,2,22,organic,saas,False,1
76,283.54,14,7,0,1,10,social,saas,False,0
109,363.43,10,5,2,0,16,outbound,saas,False,0
54,798.96,13,5,1,1,35,organic,services,True,0
5,130.37,11,3,2,0,14,social,finance,False,0
209,5132.55,13,4,0,1,4,paid_search,ecommerce,False,0
43,503.2,10,5,1,0,85,referral,saas,False,0
28,1409.3,16,6,0,0,65,referral,services,False,0
22,275.89,10,5,1,0,46,paid_search,saas,False,0
42,875.11,12,5,0,1,24,organic,finance,False,0
35,544.62,11,4,0,0,15,organic,finance,False,0
30,1160.73,13,3,3,2,5,organic,ecommerce,False,1
32,403.98,12,2,0,1,44,referral,healthcare,False,0
83,2325.21,8,2,2,1,24,paid_search,saas,False,1
277,110.82,13,4,0,1,9,organic,ecommerce,False,0
105,1273.31,14,6,1,0,5,social,services,True,1
134,554.86,19,1,1,1,17,social,finance,True,0
40,177.98,11,5,1,0,19,referral,services,False,1
59,3470.54,13,2,0,1,28,outbound,healthcare,True,0
77,3129.72,14,5,0,0,24,paid_search,saas,False,0
32,61.94,9,6,0,1,15,outbound,finance,False,0
39,588.03,7,6,1,2,11,organic,healthcare,False,0
108,997.91,10,2,0,0,49,social,saas,True,0
131,766.4,7,4,1,1,6,outbound,ecommerce,False,0
58,2242.91,16,1,1,0,18,outbound,healthcare,False,0
21,1821.9,14,6,2,0,0,referral,finance,False,1
43,642.38,11,5,3,0,60,referral,saas,False,0
17,4803.52,14,3,0,1,17,paid_search,services,True,1
58,1257.46,8,4,0,2,16,social,ecommerce,False,0
67,346.74,13,0,1,1,28,social,ecommerce,False,0
44,283.62,10,2,0,2,22,outbound,saas,False,0
66,1708.45,9,4,0,0,1,referral,services,True,0
76,222.97,12,6,0,0,10,organic,ecommerce,False,0
67,327.1,12,2,0,1,15,referral,healthcare,True,0
21,387.78,13,1,0,2,54,organic,saas,False,0
45,703.21,20,3,0,1,54,organic,finance,False,0
76,406.08,10,0,0,3,19,paid_search,finance,False,0
193,132.03,14,5,1,0,9,social,ecommerce,False,0
44,1575.11,14,5,1,1,67,organic,services,False,0
85,328.85,11,2,1,1,4,organic,saas,True,1
110,3714.26,16,1,0,0,5,organic,saas,False,1
47,667.8,16,5,0,0,3,outbound,healthcare,False,0
137,1749.71,13,3,1,0,2,social,finance,False,0
143,925.99,11,5,0,0,1,organic,ecommerce,True,1
165,1835.47,12,2,0,1,2,organic,healthcare,False,1
79,871.61,8,3,0,1,11,referral,ecommerce,False,1
361,623.39,10,4,0,1,37,paid_search,healthcare,False,1
33,1470.32,16,2,0,1,11,referral,finance,False,0
299,5919.29,10,3,0,1,28,paid_search,services,False,0
101,376.23,15,5,0,2,3,outbound,ecommerce,False,0
160,1091.08,17,7,1,1,89,paid_search,healthcare,True,0
42,490.17,8,3,1,0,26,social,healthcare,True,0
107,817.34,17,6,0,2,49,organic,ecommerce,False,0
171,513.97,13,2,1,3,14,outbound,ecommerce,False,0
23,56.95,10,3,0,0,24,outbound,services,False,0
48,403.35,14,2,0,0,9,social,saas,True,0
10,1338.83,9,4,2,0,145,paid_search,finance,True,0
47,229.25,9,2,0,0,18,organic,saas,False,0
28,1237.62,15,10,1,2,3,outbound,services,True,1
46,592.06,15,3,1,1,22,social,saas,True,0
566,406.88,20,5,0,2,108,organic,services,False,0
216,1219.04,16,0,2,1,61,paid_search,finance,True,1
17,973.63,10,6,0,0,5,paid_search,saas,True,1
85,750.36,13,6,2,0,4,outbound,finance,False,0
103,1360.9,11,5,1,1,10,social,healthcare,False,0
42,603.71,7,6,1,0,2,referral,ecommerce,True,0
63,95.14,16,2,1,0,19,referral,ecommerce,False,0
68,337.61,10,3,0,1,9,paid_search,finance,False,0
19,81.09,15,2,1,0,32,paid_search,finance,False,0
24,950.86,7,7,1,1,27,organic,ecommerce,True,1
63,1207.37,14,1,1,0,49,social,services,False,0
59,1263.58,13,5,2,1,10,paid_search,ecommerce,False,0
31,803.59,7,5,1,2,6,paid_search,saas,True,1
29,1297.15,14,1,0,1,34,organic,healthcare,False,0
51,101.84,9,3,0,5,22,organic,saas,False,0
111,442.5,4,4,1,2,16,referral,ecommerce,False,1
51,119.71,12,4,0,1,5,organic,healthcare,False,0
200,344.35,9,2,1,1,6,organic,ecommerce,True,1
31,2480.59,10,7,1,3,57,social,saas,False,0
64,1470.32,19,4,1,3,15,paid_search,finance,False,0
41,955.55,9,3,0,2,9,paid_search,healthcare,False,0
87,410.91,8,4,0,6,10,paid_search,services,False,1
29,182.44,6,4,1,3,83,outbound,healthcare,True,1
255,594.09,9,2,1,2,35,paid_search,healthcare,True,1
14,1496.19,12,1,1,2,20,social,ecommerce,False,0
215,742.39,11,5,0,1,39,outbound,finance,False,0
59,100.92,8,3,1,2,26,social,saas,False,0
85,547.09,9,1,0,0,31,paid_search,saas,True,0
159,72.72,16,3,1,2,54,social,services,False,1
108,1101.23,13,4,0,1,13,paid_search,finance,False,0
30,246.41,9,2,1,2,9,paid_search,healthcare,False,0
88,145.02,12,6,0,1,5,referral,saas,False,1
243,1116.47,12,5,0,2,21,paid_search,saas,True,0
27,862.11,14,5,0,1,4,organic,healthcare,False,0
297,621.66,14,4,1,1,132,paid_search,finance,False,0
74,4410.34,14,3,1,0,16,organic,ecommerce,True,0
39,929.83,12,4,0,2,7,paid_search,saas,False,0
27,258.54,10,3,0,2,128,referral,saas,False,0
46,828.16,12,1,0,2,29,outbound,healthcare,False,0
11,370.16,11,2,0,1,8,organic,finance,False,0
39,1748.93,20,10,0,1,21,referral,saas,True,1
44,652.61,10,4,0,4,11,paid_search,saas,False,0
23,720.48,6,3,0,3,18,organic,ecommerce,True,1
99,116.47,17,4,0,3,24,organic,saas,False,0
46,523.93,17,3,2,0,47,organic,healthcare,True,0
33,465.79,11,3,1,1,27,organic,saas,False,0
42,176.94,20,1,0,0,28,paid_search,healthcare,False,0
73,394.85,10,5,1,0,56,paid_search,finance,False,0
58,761.85,11,2,0,1,39,referral,services,False,0
31,490.61,13,5,0,0,36,organic,services,False,0
60,120.05,10,8,0,1,8,organic,ecommerce,False,0
52,374.95,12,1,1,2,12,organic,saas,False,0
22,308.58,14,1,0,2,13,referral,ecommerce,False,0
43,597.95,12,1,0,0,5,paid_search,finance,True,0
87,536.75,5,4,0,0,15,referral,saas,False,1
86,326.49,15,5,2,2,1,organic,ecommerce,False,1
45,313.98,13,4,0,0,1,organic,ecommerce,False,1
94,527.01,9,3,0,0,3,outbound,saas,False,0
25,1290.75,11,2,2,2,45,organic,finance,False,0
26,651.09,19,4,0,2,9,organic,finance,False,0
45,2044.83,11,3,0,3,3,organic,healthcare,False,1
181,1530.26,11,3,0,4,3,outbound,services,False,0
62,2201.03,10,1,0,0,100,referral,saas,False,0
44,1936.48,11,2,1,1,26,referral,saas,False,1
188,2351.83,18,2,0,1,15,outbound,ecommerce,False,0
43,155.53,6,5,1,0,7,organic,finance,False,0
326,941.45,14,4,1,0,27,outbound,healthcare,False,0
36,1666.23,12,1,0,3,8,organic,saas,False,0
24,1996.25,8,4,0,2,32,referral,services,False,0
48,227.99,11,5,1,0,14,paid_search,ecommerce,False,0
45,950.87,12,4,1,1,25,paid_search,ecommerce,False,0
29,531.23,13,1,1,3,25,outbound,healthcare,False,0
438,3124.6,13,4,1,0,12,organic,services,False,0
70,123.06,13,3,0,1,24,outbound,finance,False,0
79,228.31,14,5,0,0,9,paid_search,services,False,0
38,80.59,13,9,0,4,37,referral,saas,True,1
34,569.42,11,3,0,1,7,outbound,healthcare,True,0
124,4740.23,17,7,2,2,7,organic,services,True,0
14,471.38,11,5,0,1,115,outbound,healthcare,False,0
22,545.13,11,2,0,0,10,referral,ecommerce,False,0
45,854.26,12,3,1,0,6,social,services,True,0
161,438.65,16,5,0,0,9,organic,saas,False,0
40,710.54,13,4,0,1,49,referral,ecommerce,False,0
76,729.39,10,4,0,1,10,social,services,False,0
56,211.55,12,5,0,1,54,paid_search,services,False,0
154,448.52,7,3,0,1,21,organic,services,False,0
15,1034.77,11,2,3,1,86,organic,services,True,1
98,1247.1,13,7,1,1,19,outbound,saas,False,0
47,1805.34,8,2,0,4,59,organic,services,False,0
114,689.13,15,6,1,3,40,social,ecommerce,False,1
28,703.3,8,4,0,1,3,outbound,finance,False,0
56,1043.34,9,7,1,0,6,organic,ecommerce,False,1
50,271.84,16,2,0,0,4,organic,services,False,0
24,260.92,8,4,0,2,9,social,healthcare,False,0
20,434.94,14,6,1,1,180,organic,services,False,0
34,137.69,13,1,0,1,37,referral,saas,False,1
61,740.19,11,6,0,0,20,social,saas,False,0
30,1406.81,10,2,0,1,25,referral,ecommerce,True,0
42,242.25,6,1,0,1,10,paid_search,saas,False,1
12,761.39,7,6,2,0,32,social,finance,True,1
41,262.66,10,3,0,0,10,referral,ecommerce,True,0
124,178.29,7,4,2,2,12,organic,healthcare,True,1
96,3848.97,9,6,0,1,34,referral,saas,False,0
51,180.87,10,1,1,0,8,outbound,saas,True,0
66,137.1,8,5,0,3,6,social,healthcare,False,0
28,610.77,19,2,1,1,43,referral,ecommerce,False,1
200,644.53,14,2,2,1,32,paid_search,saas,False,0
285,960.29,13,3,0,3,17,organic,saas,False,0
62,3645.42,8,6,1,0,23,organic,saas,True,1
434,226.53,14,6,0,0,8,organic,healthcare,False,0
32,276.32,12,8,1,0,1,outbound,saas,False,0
20,2462.19,16,6,0,1,63,organic,ecommerce,False,0
31,1260.32,5,5,2,1,3,outbound,finance,False,0
46,1096.72,9,3,0,3,39,organic,healthcare,False,0
347,273.18,14,3,0,5,142,paid_search,healthcare,False,0
44,1519.12,14,5,0,1,37,paid_search,ecommerce,True,0
27,1100.13,14,6,0,1,15,paid_search,services,False,0
27,595.58,8,4,0,1,13,social,ecommerce,False,0
136,274.53,14,4,0,1,118,outbound,ecommerce,False,0
121,548.23,18,5,0,1,57,outbound,services,False,0
37,2561.86,13,3,0,1,4,organic,finance,True,1
12,165.01,16,5,0,1,1,social,healthcare,False,0
22,221.45,9,3,1,0,26,organic,services,False,0
216,263.01,12,4,1,0,14,outbound,saas,True,0
95,326.74,12,2,0,1,23,referral,services,False,1
58,485.06,11,3,0,2,16,paid_search,finance,False,0
243,1285.07,7,2,1,3,10,organic,ecommerce,True,1
262,781.66,13,1,0,0,19,organic,ecommerce,False,0
53,523.66,17,2,0,2,3,organic,saas,False,1
54,650.01,8,4,0,0,23,outbound,services,False,0
34,919.65,13,4,2,1,2,social,saas,False,0
43,91.68,9,2,0,1,59,outbound,ecommerce,False,0
17,1438.83,17,4,0,1,28,organic,finance,True,0
17,215.63,11,4,1,2,78,referral,finance,True,0
14,316.24,11,4,0,0,44,paid_search,saas,False,0
130,692.59,7,3,0,0,18,referral,services,True,1
16,456.96,14,3,1,1,99,paid_search,healthcare,False,0
260,801.86,9,8,0,1,3,paid_search,services,False,0
30,567.83,14,8,0,1,36,referral,saas,True,1
219,368.95,11,6,1,0,5,organic,saas,False,0
41,2272.78,4,3,1,1,0,paid_search,healthcare,True,1
16,1000.31,10,4,0,0,42,social,saas,False,0
152,666.55,21,2,1,1,10,organic,healthcare,True,0
168,984.88,12,8,1,2,30,outbound,saas,False,0
26,243.39,12,2,0,0,7,referral,finance,False,0
42,4336.28,13,6,0,1,35,outbound,services,False,0
26,166.06,9,5,1,0,41,social,services,False,0
50,551.79,15,5,1,1,8,social,services,False,0
60,370.03,19,3,1,1,25,social,services,False,0
41,356.23,9,4,0,3,36,outbound,ecommerce,False,1
13,312.86,12,2,0,3,13,referral,ecommerce,False,0
34,227.76,15,8,1,1,54,paid_search,services,True,1
96,1617.02,11,3,0,2,49,organic,services,False,0
46,147.72,11,7,1,4,18,referral,services,False,0
42,1317.6,12,7,2,0,66,organic,finance,False,0
26,942.5,12,4,0,1,57,organic,saas,True,0
34,336.67,18,7,0,1,21,organic,services,False,0
169,839.33,8,7,2,1,12,referral,services,False,0
22,420.78,11,4,0,0,22,organic,finance,False,0
97,163.86,13,2,0,3,31,referral,services,False,0
57,165.6,8,2,0,0,17,social,healthcare,False,0
66,949.03,9,5,0,1,0,outbound,services,False,0
30,901.06,9,2,1,2,4,paid_search,saas,True,1
41,627.67,16,7,0,0,138,referral,services,False,0
54,333.11,7,1,0,2,39,referral,saas,False,0
36,407.31,6,5,1,1,1,referral,ecommerce,False,0
71,355.83,15,8,1,1,11,social,saas,True,1
79,85.89,9,4,1,1,81,organic,healthcare,True,0
310,523.88,13,5,1,2,24,outbound,saas,False,0
68,830.85,15,6,0,1,62,organic,services,False,0
12,527.22,9,8,1,1,113,outbound,healthcare,False,0
138,2890.4,11,4,0,0,13,referral,services,True,0
46,180.45,7,3,1,0,40,organic,ecommerce,False,0
273,254.4,14,4,2,0,27,social,saas,True,0
177,562.85,12,4,0,1,9,organic,finance,True,1
36,628.77,9,1,0,0,59,social,finance,False,0
97,73.61,12,5,0,0,10,referral,healthcare,False,0
34,900.27,21,7,1,3,19,organic,services,True,0
55,631.64,11,5,0,1,13,organic,services,False,0
94,59.18,9,1,1,0,25,social,healthcare,False,0
133,438.47,11,10,1,1,58,paid_search,services,False,0
112,219.52,6,4,1,2,17,outbound,finance,True,0
58,313.15,13,6,0,3,66,social,finance,False,0
398,129.27,11,4,0,1,10,social,ecommerce,False,1
41,747.09,9,4,1,3,6,paid_search,saas,False,1
15,2869.17,11,2,0,2,4,social,saas,False,0
18,642.28,14,3,2,4,52,outbound,finance,True,1
178,56.86,14,4,1,3,22,organic,finance,False,0
51,655.63,14,11,1,0,8,paid_search,ecommerce,True,0
62,405.6,11,3,2,1,40,organic,healthcare,False,1
35,163.86,12,7,0,0,28,paid_search,saas,True,0
38,701.78,15,3,2,0,3,social,ecommerce,True,1
29,1187.69,14,3,0,0,13,referral,services,False,0
80,252.52,17,5,2,2,8,referral,ecommerce,False,1
51,95.23,21,5,0,2,41,paid_search,saas,True,1
77,65.91,12,4,0,1,4,organic,healthcare,False,0
72,253.23,14,3,1,1,11,paid_search,ecommerce,True,0
39,421.79,10,7,0,0,40,outbound,finance,False,0
17,294.12,10,7,0,2,30,referral,services,False,1
16,248.82,11,1,0,0,30,paid_search,healthcare,False,0
615,869.48,14,5,0,0,2,social,healthcare,False,0
178,782.76,17,6,1,0,12,organic,ecommerce,False,0
160,601.6,11,6,0,0,27,paid_search,healthcare,True,1
32,1114.86,13,2,0,0,13,organic,ecommerce,False,0
55,255.62,14,1,1,1,40,outbound,saas,False,0
28,164.92,7,2,1,1,10,social,services,False,0
19,292.27,18,0,0,0,13,referral,ecommerce,True,0
34,272.79,11,7,1,0,5,organic,healthcare,False,0
158,63.35,10,2,0,1,6,organic,saas,False,0
107,285.55,16,6,0,0,41,referral,services,True,0
25,1487.5,20,5,1,3,14,paid_search,saas,False,0
42,1097.57,8,5,0,1,11,outbound,ecommerce,False,0
99,833.13,9,4,0,0,14,social,services,True,1
35,562.07,11,5,1,3,61,paid_search,ecommerce,False,0
58,2098.33,15,5,0,2,3,social,services,False,0
75,170.69,17,6,0,0,0,outbound,saas,True,0
75,187.76,9,8,0,2,17,paid_search,finance,False,0
67,1516.7,8,5,1,2,8,referral,services,False,0
32,506.54,16,2,0,0,6,outbound,healthcare,False,0
35,251.85,9,4,3,1,4,organic,finance,False,0
22,855.7,8,7,0,1,1,outbound,ecommerce,False,0
16,317.84,6,4,1,0,3,organic,finance,True,1
50,213.25,13,2,0,0,17,referral,services,False,0
105,207.4,10,2,1,2,19,social,finance,True,0
18,679.63,14,2,2,1,45,referral,services,True,0
68,605.36,12,2,2,1,48,referral,healthcare,False,0
102,2245.64,9,3,1,0,36,referral,healthcare,False,0
13,368.67,10,6,0,1,19,organic,ecommerce,True,1
44,362.44,14,3,1,2,1,organic,finance,False,0
204,2078.98,4,6,0,0,57,paid_search,services,False,0
85,1320.34,14,3,0,0,7,referral,healthcare,False,0
12,569.58,12,4,0,1,11,paid_search,saas,True,0
92,103.44,8,3,2,0,39,organic,healthcare,True,0
30,218.8,18,3,0,0,10,outbound,finance,False,0
95,171.73,13,3,1,0,8,paid_search,services,False,0
31,511.04,10,3,0,0,32,paid_search,saas,False,0
52,296.38,13,5,0,2,11,paid_search,saas,False,1
36,2447.7,10,3,0,0,4,organic,ecommerce,False,0
55,102.37,9,3,1,1,6,social,saas,False,0
35,154.26,18,3,1,0,45,paid_search,services,False,0
46,629.31,12,3,0,1,53,organic,ecommerce,True,1
21,830.01,10,6,0,1,89,outbound,healthcare,False,0
81,37.07,14,3,0,0,8,outbound,saas,True,1
63,86.89,13,10,1,2,23,social,ecommerce,False,0
15,378.57,21,2,2,0,12,outbound,services,False,0
121,1912.26,9,6,1,3,17,outbound,healthcare,False,0
47,3254.39,19,2,0,2,34,paid_search,saas,True,1
62,325.55,15,5,0,0,31,referral,saas,False,0
101,415.45,11,6,1,1,1,referral,services,False,1
71,213.39,14,6,2,0,10,paid_search,services,False,0
139,928.16,11,3,0,5,14,organic,saas,False,0
43,2272.26,6,5,0,1,33,organic,healthcare,False,0
125,1730.25,8,3,0,0,8,social,saas,True,0
60,478.66,10,6,0,2,35,social,healthcare,False,0
82,213.04,12,6,0,0,1,social,saas,False,0
75,496.8,12,4,0,1,34,paid_search,services,True,0
147,1960.17,8,3,2,2,5,organic,services,True,1
97,330.13,13,5,1,2,47,paid_search,saas,False,0
38,80.2,10,6,0,1,4,referral,ecommerce,True,1
33,343.78,9,6,1,1,2,outbound,saas,False,1
52,372.77,17,2,1,4,37,outbound,ecommerce,True,0
30,79.73,13,6,0,3,24,outbound,saas,False,0
24,621.44,14,1,2,0,19,outbound,ecommerce,True,0
10,817.3,11,5,0,2,16,outbound,services,True,0
16,3164.95,12,6,0,0,45,paid_search,saas,False,0
267,130.01,14,5,0,1,14,organic,services,True,0
32,1023.03,10,6,1,2,8,organic,saas,False,0
250,1295.74,13,4,4,2,72,paid_search,healthcare,True,1
75,828.5,13,4,0,1,10,paid_search,ecommerce,False,0
52,180.04,10,2,1,1,17,organic,services,True,0
16,169.88,7,6,1,0,7,outbound,saas,False,0
55,543.05,14,3,0,1,6,organic,saas,True,1
248,539.25,17,1,1,2,10,outbound,finance,True,0
190,281.62,14,3,0,1,71,social,finance,True,0
68,1792.98,14,6,0,0,25,referral,finance,False,0
22,330.05,14,4,1,0,61,social,saas,True,0
25,74.17,14,4,0,2,10,paid_search,ecommerce,False,0
28,393.84,15,3,1,1,12,referral,services,False,0
152,796.54,15,7,0,1,33,organic,healthcare,True,0
201,693.65,14,1,1,2,13,outbound,healthcare,False,0
64,688.3,7,1,0,1,11,paid_search,ecommerce,True,0
43,2195.11,13,4,1,2,15,paid_search,ecommerce,True,1
188,161.61,14,1,2,3,60,social,services,False,1
25,322.56,13,1,0,2,40,social,finance,True,0
57,2310.12,17,8,2,2,82,paid_search,saas,False,1
79,68.9,8,0,0,0,30,referral,services,False,0
27,466.99,12,6,0,0,6,organic,healthcare,False,0
33,1683.99,15,5,0,0,18,social,ecommerce,False,0
31,1659.08,9,3,0,0,44,paid_search,ecommerce,False,0
170,953.48,7,1,0,1,66,paid_search,finance,False,0
253,977.93,14,6,0,2,19,organic,ecommerce,True,1
60,173.99,8,1,0,0,52,paid_search,healthcare,True,0
44,1945.31,12,0,0,1,8,paid_search,finance,False,0
34,148.4,10,1,0,0,5,paid_search,saas,True,0
55,157.53,8,5,1,4,24,organic,services,True,1
35,726.24,7,2,0,1,53,organic,ecommerce,False,0
51,300.96,16,1,1,0,21,referral,ecommerce,True,0
76,605.89,17,4,1,0,8,organic,finance,False,0
39,758.06,12,6,0,1,3,social,healthcare,False,1
47,2916.41,10,3,0,1,55,outbound,ecommerce,False,0
47,760.31,11,1,0,1,32,paid_search,healthcare,False,0
42,265.46,11,2,2,3,65,outbound,services,False,0
38,969.22,9,3,0,1,20,organic,services,False,0
100,214.49,10,3,1,0,12,organic,services,False,0
13,1228.02,19,1,1,0,34,social,ecommerce,False,0
192,525.65,15,7,0,0,15,social,ecommerce,True,1
61,735.5,10,4,0,1,18,outbound,healthcare,False,0
89,83.04,13,2,1,2,30,organic,saas,False,0
98,51.9,10,2,1,0,15,social,finance,False,0
31,109.79,10,2,0,1,1,paid_search,ecommerce,False,0
26,2823.61,12,3,1,1,1,paid_search,ecommerce,False,0
24,156.31,6,6,0,2,48,organic,ecommerce,False,0
45,1024.86,14,6,1,0,27,outbound,ecommerce,False,0
96,259.33,14,1,0,1,9,organic,ecommerce,True,0
34,387.6,9,5,0,1,54,outbound,healthcare,False,0
89,471.2,13,4,0,1,3,referral,healthcare,True,1
8,2549.82,12,7,0,1,24,social,ecommerce,False,0
40,884.04,11,7,0,1,6,social,saas,False,0
139,724.18,20,4,1,1,15,outbound,services,False,0
48,1802.08,9,6,0,3,45,organic,saas,False,1
28,261.6,6,2,0,1,6,organic,healthcare,False,0
32,1434.17,10,0,0,2,2,referral,healthcare,False,0
5,1213.55,17,11,0,3,4,paid_search,healthcare,False,1
24,1199.79,10,6,1,2,50,organic,services,False,0
127,421.99,16,0,0,0,1,organic,healthcare,True,0
34,318.2,10,4,1,0,35,paid_search,services,False,1
38,206.47,7,5,1,0,43,organic,services,False,0
8,219.82,12,7,1,1,20,organic,saas,False,0
15,196.96,16,2,1,1,19,outbound,saas,True,1
141,711.12,8,1,0,1,29,paid_search,ecommerce,False,0
89,392.16,15,4,0,2,1,outbound,ecommerce,False,0
19,758.54,8,8,0,1,4,outbound,healthcare,False,0
33,802.62,14,3,0,2,31,organic,saas,True,1
53,170.76,12,3,0,3,45,social,saas,False,0
21,165.71,13,3,0,1,8,referral,ecommerce,False,1
11,392.03,11,2,0,2,2,social,finance,True,1
48,226.98,13,2,1,2,46,organic,finance,False,0
86,204.3,11,4,1,4,19,organic,services,False,0
88,2685.67,10,3,0,0,92,organic,saas,False,0
110,106.34,13,3,1,2,9,referral,ecommerce,False,1
16,3725.9,12,2,1,3,1,outbound,services,False,0
57,657.78,17,4,0,0,0,social,finance,True,0
44,1321.12,8,3,1,1,14,social,healthcare,False,0
51,1174.19,15,2,1,1,31,outbound,healthcare,False,0
46,913.2,14,4,0,1,64,social,saas,False,0
32,2596.27,13,3,1,1,4,organic,services,False,1
5,166.93,12,5,0,1,65,outbound,healthcare,False,0
138,421.42,14,1,0,1,7,paid_search,healthcare,False,0
71,210.01,10,3,0,0,7,organic,healthcare,False,0
17,90.37,11,3,0,4,10,referral,ecommerce,False,0
80,254.36,12,2,0,1,13,outbound,ecommerce,False,0
38,3205.26,13,6,1,0,45,paid_search,finance,True,0
39,414.28,9,4,0,1,33,referral,healthcare,False,0
30,3581.42,12,4,1,1,44,organic,saas,False,0
84,3967.24,12,7,0,0,86,organic,ecommerce,False,0
29,9849.05,6,3,2,1,45,organic,services,False,0
23,3312.61,11,2,1,0,91,social,ecommerce,False,0
135,5208.94,8,4,1,0,59,outbound,ecommerce,True,0
47,682.09,16,5,2,2,3,organic,healthcare,False,0
49,619.14,18,6,1,3,42,paid_search,services,False,1
95,661.72,11,3,0,2,76,organic,finance,True,0
32,492.78,12,1,0,2,28,organic,services,True,0
38,572.3,11,4,0,2,10,referral,saas,True,1
70,1045.43,9,2,0,1,18,social,services,True,1
16,309.26,9,3,0,0,50,referral,services,False,0
65,124.26,10,9,0,1,41,paid_search,healthcare,True,0
30,708.83,18,5,0,0,10,referral,healthcare,False,0
108,246.46,7,8,0,0,25,organic,saas,False,1
85,273.34,14,12,2,0,8,organic,ecommerce,False,0
76,427.2,8,4,2,1,4,outbound,saas,False,0
15,339.63,12,4,0,0,13,social,saas,False,0
50,1495.24,11,3,1,0,14,outbound,services,False,1
21,417.07,17,3,2,1,2,outbound,ecommerce,True,0
53,1572.54,8,4,1,1,40,referral,healthcare,False,0
9,605.48,15,1,1,4,20,outbound,ecommerce,False,0
16,451.0,17,1,0,1,4,paid_search,ecommerce,False,0
141,577.22,18,4,2,2,2,organic,ecommerce,False,1
73,135.42,17,2,0,4,107,organic,ecommerce,False,0
41,690.96,13,5,0,1,16,organic,healthcare,False,0
26,1151.92,14,8,2,1,13,organic,services,False,0
23,1327.23,11,5,0,0,6,paid_search,ecommerce,False,0
64,127.46,9,3,0,2,26,social,services,False,0
41,107.88,7,3,0,1,38,social,finance,True,0
188,288.06,12,8,0,0,5,referral,healthcare,False,1
47,1967.78,12,3,1,0,20,organic,saas,False,0
57,614.6,22,4,0,0,1,social,saas,False,0
18,227.08,13,2,0,1,25,paid_search,services,False,0
41,115.25,16,8,1,1,19,organic,healthcare,True,1
63,248.64,6,2,0,2,4,paid_search,ecommerce,False,0
41,232.4,14,4,0,1,4,paid_search,services,True,0
37,1255.91,11,4,1,2,64,paid_search,ecommerce,True,0
71,1356.34,14,1,2,0,18,outbound,finance,False,0
183,172.45,7,5,2,2,31,social,ecommerce,True,0
61,1046.46,11,6,0,2,23,social,services,False,0
136,944.6,7,2,0,2,37,organic,ecommerce,False,0
90,151.46,11,3,1,3,35,outbound,saas,True,0
130,453.13,9,5,3,2,33,social,finance,False,0
34,692.85,15,3,2,2,26,organic,saas,False,0
46,580.12,9,4,0,0,57,referral,services,False,0
46,89.07,9,4,0,2,68,referral,finance,False,0
85,561.82,13,3,0,3,6,paid_search,saas,True,0
103,931.01,15,9,0,1,61,organic,saas,False,0
60,2391.3,9,6,2,2,22,referral,services,True,1
110,252.45,14,2,1,4,11,organic,healthcare,True,0
35,285.59,11,7,0,4,21,organic,services,False,1
111,399.87,7,7,2,0,9,organic,saas,False,1
123,659.32,15,2,0,0,43,outbound,services,False,0
94,542.95,6,7,0,0,20,paid_search,healthcare,True,0
61,901.72,6,4,0,2,17,paid_search,finance,True,0
97,159.94,15,4,2,2,17,paid_search,ecommerce,False,1
27,732.79,11,2,1,0,109,outbound,saas,False,0
64,234.58,16,5,0,1,69,referral,services,False,0
69,426.95,12,9,2,1,0,outbound,services,False,0
19,2718.98,6,5,0,1,9,paid_search,ecommerce,False,0
80,121.72,14,4,1,1,4,organic,services,False,0
20,372.61,19,7,0,2,15,referral,saas,False,0
39,137.74,16,8,0,1,9,paid_search,saas,False,0
56,574.25,10,4,1,0,10,outbound,saas,False,0
30,1405.62,11,5,1,4,55,outbound,ecommerce,False,0
58,583.86,16,2,0,0,40,referral,saas,False,1
58,438.47,13,5,0,1,24,outbound,ecommerce,True,0
28,1860.13,13,5,0,0,33,referral,saas,False,0
86,685.74,9,1,2,2,30,paid_search,finance,False,1
30,1118.3,6,7,1,0,27,referral,services,False,0
340,1007.53,14,5,0,1,44,organic,finance,False,0
50,27.76,17,3,0,0,11,outbound,saas,False,0
21,456.38,11,4,0,2,17,organic,finance,False,1
25,167.66,12,4,0,1,45,paid_search,saas,False,0
137,215.01,11,10,0,0,75,referral,finance,False,0
39,2152.93,14,7,0,0,2,organic,healthcare,True,1
18,338.73,10,5,0,1,6,organic,ecommerce,False,1
108,3270.07,5,2,0,2,14,social,saas,False,0
39,120.58,11,7,0,0,7,organic,services,False,0
92,166.72,12,5,0,0,31,referral,services,False,1
115,1056.11,12,1,0,1,0,paid_search,finance,False,0
68,350.24,12,1,0,1,1,organic,services,False,0
371,670.03,10,5,2,1,14,organic,services,False,1
14,440.4,10,1,0,1,3,social,saas,True,1
28,427.27,8,5,0,3,15,outbound,finance,False,0
44,363.49,5,4,0,1,49,organic,ecommerce,True,0
333,589.63,13,4,0,0,61,outbound,healthcare,True,1
230,936.02,10,1,0,2,97,referral,saas,False,0
153,2476.06,11,9,0,2,59,referral,services,False,0
29,402.42,18,1,0,0,32,social,finance,False,0
32,332.41,12,6,1,2,10,social,ecommerce,True,1
28,292.23,5,3,0,0,84,outbound,ecommerce,True,0
29,2142.62,17,3,1,2,21,referral,ecommerce,False,0
180,982.72,14,2,0,0,14,referral,finance,False,0
45,73.77,8,4,0,0,16,paid_search,services,True,0
50,70.59,4,5,2,1,109,organic,ecommerce,False,0
101,214.85,16,3,1,0,14,social,healthcare,True,0
14,620.26,11,3,0,0,9,organic,healthcare,False,0
57,476.53,11,7,0,1,8,paid_search,ecommerce,False,0
23,824.5,14,5,1,2,53,organic,healthcare,False,0
43,413.46,9,3,0,1,47,organic,saas,False,0
34,1993.04,11,5,0,1,6,referral,saas,False,0
33,1066.47,17,5,0,2,54,referral,ecommerce,True,1
65,532.5,21,5,0,2,1,paid_search,services,False,1
65,1548.96,6,4,1,2,56,organic,ecommerce,False,0
46,94.74,16,4,0,0,10,paid_search,saas,False,0
73,452.56,16,3,0,2,52,paid_search,finance,False,0
27,565.39,13,4,0,0,56,social,services,False,0
94,899.68,16,6,0,0,49,referral,ecommerce,False,0
46,88.66,10,3,1,2,22,referral,saas,True,0
37,379.78,10,9,0,0,2,referral,finance,True,1
29,735.43,10,3,0,3,28,outbound,ecommerce,False,0
45,794.06,11,4,3,2,22,social,finance,False,1
244,1613.45,13,1,0,1,7,referral,ecommerce,True,0
52,1055.22,13,2,0,1,57,referral,saas,False,1
22,463.66,14,5,0,1,22,organic,ecommerce,False,1
114,967.75,12,7,0,2,38,outbound,finance,False,0
37,402.88,10,2,2,3,4,paid_search,ecommerce,True,1
69,570.65,17,2,0,1,2,paid_search,saas,False,0
34,1090.95,12,2,0,2,8,outbound,ecommerce,True,0
152,470.93,9,3,0,2,16,social,finance,True,1
34,707.68,9,4,0,2,43,organic,saas,True,0
167,1288.6,6,0,0,2,13,organic,finance,False,1
24,1004.42,10,5,0,0,15,organic,finance,False,0
43,1691.67,6,3,0,2,23,referral,ecommerce,False,1
167,5056.59,16,3,0,3,105,organic,services,True,0
62,995.18,5,2,1,2,6,outbound,services,False,0
336,310.66,11,5,2,2,22,outbound,ecommerce,False,0
44,822.07,11,1,0,2,9,referral,saas,False,1
67,787.46,12,4,1,1,28,referral,ecommerce,False,1
251,910.06,12,8,0,1,1,paid_search,saas,True,0
16,2197.37,14,4,0,2,17,organic,healthcare,False,0
15,91.46,18,3,1,5,6,social,services,False,1
29,2239.12,6,7,0,1,8,organic,services,False,0
105,3135.1,8,4,1,0,9,organic,ecommerce,True,0
15,869.63,11,6,2,2,8,paid_search,ecommerce,False,1
88,890.81,5,3,0,2,6,organic,saas,False,0
83,386.97,13,5,0,2,10,paid_search,healthcare,False,1
274,495.88,7,3,0,1,48,social,saas,False,1
126,990.24,15,5,0,2,100,outbound,services,False,0
73,928.48,14,7,1,2,17,referral,services,False,0
162,1013.04,11,1,1,1,63,outbound,saas,True,1
84,922.11,7,1,1,1,6,paid_search,finance,True,0
38,1210.02,16,3,0,3,2,outbound,healthcare,False,0
22,1082.09,9,0,1,2,17,referral,services,False,1
35,176.91,9,2,0,3,31,organic,healthcare,False,0
53,1132.6,17,3,0,4,12,outbound,saas,False,1
63,3160.82,13,2,0,2,14,paid_search,healthcare,True,1
10,479.8,9,4,0,0,9,organic,saas,True,0
46,2207.2,16,6,2,1,1,organic,healthcare,False,0
56,196.9,10,4,0,2,25,paid_search,saas,False,0
85,478.3,11,5,0,4,103,paid_search,finance,False,0
201,259.52,12,4,0,2,22,referral,services,False,0
63,1957.1,13,3,0,1,38,outbound,saas,False,0
26,2541.42,14,5,0,2,4,paid_search,ecommerce,False,1
13,446.22,12,4,0,1,2,referral,finance,True,0
95,1589.32,11,7,1,1,30,paid_search,saas,False,0
27,2567.34,7,6,1,0,22,outbound,healthcare,False,0
109,476.79,13,8,0,1,23,organic,finance,False,1
167,561.02,14,3,1,2,12,organic,ecommerce,False,0
16,1026.2,10,7,3,1,0,referral,services,False,1
85,212.19,13,3,1,3,4,social,healthcare,False,1
154,550.1,15,2,0,1,9,social,healthcare,False,0
123,4199.78,13,1,1,4,129,referral,saas,False,0
10,298.86,8,4,1,1,16,social,saas,False,1
28,1157.28,14,3,0,0,7,paid_search,saas,False,0
20,831.98,6,3,0,2,1,organic,services,False,0
83,418.31,17,1,2,1,13,organic,services,False,0
76,615.02,11,2,0,1,6,organic,services,False,0
6,2843.01,10,2,1,1,47,paid_search,saas,True,1
43,857.14,15,5,0,0,16,referral,healthcare,False,0
104,1002.07,13,3,1,1,8,paid_search,finance,False,0
61,2442.71,17,5,2,1,7,referral,finance,False,0
61,368.92,7,5,0,0,2,referral,saas,False,0
41,172.96,13,3,1,0,42,social,services,False,0
23,2888.08,11,6,1,1,70,social,saas,True,0
54,564.83,9,3,1,1,9,paid_search,saas,True,1
57,1204.24,16,4,0,2,44,paid_search,services,True,1
89,229.91,17,4,1,3,27,referral,healthcare,False,1
95,726.71,4,7,0,0,33,referral,ecommerce,False,0
58,164.53,17,5,1,1,7,paid_search,healthcare,False,1
131,525.18,5,6,0,0,3,paid_search,services,False,0
40,257.77,11,5,1,2,100,social,saas,False,0
17,204.86,9,7,1,3,8,referral,finance,False,0
80,363.9,21,5,0,1,56,organic,ecommerce,True,0
60,49.73,18,1,0,1,21,paid_search,saas,False,0
81,154.49,17,2,0,2,96,outbound,ecommerce,True,0
20,1077.52,16,3,0,0,17,organic,healthcare,False,0
229,697.61,9,2,0,1,7,outbound,saas,True,0
96,168.31,13,5,1,1,51,organic,ecommerce,False,0
43,852.24,8,4,1,1,21,referral,healthcare,False,0
26,204.75,14,2,0,1,38,paid_search,healthcare,False,0
129,1014.31,18,4,0,1,18,organic,finance,False,0
23,438.94,8,5,0,1,18,outbound,services,True,0
333,355.98,15,6,0,2,138,paid_search,ecommerce,False,0
33,449.86,5,3,0,1,27,outbound,ecommerce,False,0
216,6371.11,22,4,0,0,5,paid_search,healthcare,False,0
47,230.72,14,3,1,0,44,outbound,healthcare,False,0
193,618.04,13,5,0,3,6,outbound,saas,False,0
30,1076.39,17,6,0,0,48,referral,ecommerce,True,0
55,188.22,7,2,0,2,9,organic,saas,False,1
104,100.06,22,3,0,1,26,social,ecommerce,False,1
93,270.13,17,4,0,0,14,referral,services,False,1
132,1053.07,14,3,1,2,64,outbound,healthcare,True,0
37,350.02,17,4,2,0,61,paid_search,ecommerce,False,0
58,391.07,11,4,1,3,33,paid_search,healthcare,False,0
148,1225.09,12,7,0,2,8,organic,finance,True,0
31,220.01,17,6,0,1,11,social,ecommerce,False,0
86,450.9,12,5,1,0,20,outbound,ecommerce,False,0
46,108.44,11,4,1,1,17,organic,finance,False,1
64,679.07,13,6,0,1,25,social,saas,True,0
58,619.87,10,6,1,1,9,outbound,healthcare,True,0
29,1091.75,10,4,0,1,16,organic,healthcare,False,0
44,156.76,14,1,0,1,53,organic,finance,True,1
61,406.71,13,4,0,2,16,social,services,False,0
50,137.21,11,2,1,1,102,referral,finance,False,0
192,385.25,11,0,2,1,7,organic,healthcare,False,0
122,2168.49,7,4,0,0,8,outbound,saas,True,0
69,357.54,12,8,0,1,1,referral,healthcare,False,0
30,125.72,11,4,0,1,21,outbound,services,False,0
28,249.67,14,3,1,2,12,outbound,services,False,1
265,98.4,6,4,1,2,3,outbound,services,False,0
24,134.86,13,5,1,3,23,referral,saas,False,0
60,963.9,12,6,0,1,10,paid_search,finance,False,0
73,116.01,17,4,0,1,29,referral,services,False,0
43,673.39,8,7,0,2,7,organic,finance,False,0
24,505.6,15,0,0,0,60,social,finance,False,0
29,289.59,13,2,0,0,14,organic,healthcare,True,0
35,618.53,11,7,0,0,14,referral,healthcare,False,0
31,192.93,10,5,0,2,73,organic,ecommerce,False,0
158,1142.35,10,6,0,2,17,paid_search,saas,False,0
54,245.1,14,6,1,0,25,organic,services,False,0
36,334.83,12,2,0,0,9,referral,services,False,0
59,297.27,13,1,1,0,21,social,services,False,1
93,981.88,13,3,1,0,58,organic,ecommerce,False,0
41,849.33,15,3,0,1,31,outbound,saas,False,0
112,35.81,19,2,0,2,13,outbound,ecommerce,False,0
20,635.39,14,3,0,1,13,paid_search,services,True,0
139,86.09,10,7,0,2,1,social,finance,False,0
54,350.26,16,4,0,2,2,paid_search,services,False,0
53,442.23,10,5,0,1,22,organic,ecommerce,False,0
31,346.52,13,4,0,2,32,referral,healthcare,True,0
20,813.07,14,5,0,1,56,organic,finance,True,0
14,1012.4,7,2,0,1,17,outbound,saas,False,0
30,227.36,11,1,0,1,34,outbound,services,False,0
87,219.25,16,1,1,1,24,outbound,healthcare,False,0
25,475.34,15,4,1,1,10,referral,saas,True,1
16,105.24,15,7,0,2,11,referral,saas,False,1
26,305.83,10,2,0,1,5,outbound,services,False,0
40,1897.09,13,3,1,1,53,organic,healthcare,False,0
41,109.26,9,1,1,2,5,organic,finance,False,0
49,350.68,8,3,0,0,42,referral,finance,False,0
125,272.52,18,3,0,3,12,paid_search,ecommerce,False,0
148,3660.18,17,4,0,0,4,paid_search,finance,False,0
272,287.76,12,4,1,2,4,organic,services,False,0
15,304.96,9,2,0,3,5,referral,saas,False,0
28,175.78,11,2,0,0,10,paid_search,finance,True,0
95,497.36,11,5,2,0,40,organic,ecommerce,True,0
38,645.59,8,3,0,4,14,organic,ecommerce,False,0
109,203.2,10,4,0,2,34,paid_search,ecommerce,True,0
64,1324.41,13,2,0,3,17,outbound,services,True,0
193,646.17,15,2,0,0,1,paid_search,saas,True,0
126,1155.05,9,5,2,3,37,social,ecommerce,False,1
128,354.91,12,0,0,0,8,social,finance,False,0
39,628.4,17,7,0,0,47,paid_search,saas,True,0
51,398.18,24,3,0,0,43,outbound,finance,False,0
43,2116.84,14,4,1,1,14,social,services,False,0
16,553.5,17,8,0,1,2,referral,saas,False,1
177,497.08,13,5,2,1,35,organic,saas,True,0
99,311.61,13,4,1,1,8,organic,services,False,0
41,294.13,12,3,2,1,15,outbound,saas,False,0
155,624.98,15,6,1,0,76,social,saas,False,0
33,1118.33,11,5,0,1,7,outbound,services,True,0
13,248.5,14,5,1,0,55,outbound,services,False,0
122,559.24,16,7,1,4,46,organic,finance,False,1
20,592.39,9,7,1,2,35,social,healthcare,True,0
47,705.12,21,4,0,0,37,paid_search,services,False,0
64,89.34,10,1,2,0,24,social,finance,True,1
74,195.44,11,8,2,0,33,organic,finance,False,0
108,125.73,12,7,0,1,11,paid_search,services,False,0
87,509.22,12,5,1,1,16,social,finance,False,0
85,200.14,7,0,1,1,65,social,healthcare,False,0
29,299.99,10,4,2,2,1,referral,ecommerce,False,1
69,149.26,11,4,1,3,6,paid_search,healthcare,False,0
16,329.23,14,7,0,1,3,paid_search,healthcare,True,1
191,160.12,12,5,1,0,1,outbound,ecommerce,False,0
18,1051.43,10,4,0,2,23,paid_search,ecommerce,True,0
41,795.7,10,4,0,0,41,paid_search,services,False,0
19,572.62,13,4,1,1,31,referral,ecommerce,True,0
30,364.33,9,6,0,1,69,paid_search,saas,False,0
55,64.22,17,4,0,4,89,referral,ecommerce,False,0
36,311.62,14,1,0,2,28,paid_search,saas,True,1
136,230.11,11,3,0,1,41,outbound,finance,False,0
65,630.98,14,4,2,1,3,outbound,ecommerce,True,0
38,915.72,13,1,0,0,32,outbound,ecommerce,True,0
49,681.73,12,8,2,2,7,referral,services,False,1
145,1742.43,13,3,1,0,32,paid_search,saas,True,1
113,279.13,12,3,2,0,51,social,saas,False,0
22,267.8,9,2,0,1,1,outbound,services,False,0
32,1391.14,12,7,0,0,108,referral,healthcare,True,1
80,581.85,18,2,0,0,25,social,finance,False,0
72,384.91,14,3,0,2,21,social,services,True,0
24,3122.91,11,1,0,0,44,social,services,True,0
99,878.07,11,6,0,0,7,social,saas,False,0
27,407.26,12,3,2,0,58,organic,finance,True,0
155,248.16,17,6,1,0,47,referral,finance,False,0
83,1856.62,8,7,1,2,2,referral,saas,False,1
22,606.07,16,4,1,1,52,organic,services,False,0
36,504.98,11,5,1,1,12,outbound,ecommerce,False,0
35,969.01,14,7,2,0,8,referral,services,False,1
62,1188.07,13,5,2,2,25,organic,healthcare,False,1
46,853.95,9,4,0,1,25,outbound,healthcare,False,1
22,1192.7,8,3,0,1,42,social,saas,True,0
18,773.85,12,5,2,0,66,social,services,True,1
85,858.25,17,5,0,1,27,paid_search,healthcare,False,0
69,237.07,20,1,0,1,24,outbound,saas,True,0
59,3011.98,8,4,1,0,27,paid_search,saas,False,0
68,143.5,17,6,0,0,11,referral,finance,False,0
33,671.41,11,2,1,1,29,organic,saas,False,1
63,129.44,9,3,0,2,11,referral,healthcare,False,0
416,446.69,13,3,0,0,9,social,finance,False,0
140,278.3,8,2,0,2,47,referral,ecommerce,False,0
43,564.4,12,1,1,3,6,referral,healthcare,False,0
36,693.5,12,8,1,2,2,outbound,saas,False,1
6,189.36,20,3,1,2,64,social,services,False,0
128,478.47,13,1,1,1,54,paid_search,services,False,0
102,1985.6,11,3,0,0,26,outbound,ecommerce,True,0
35,132.65,10,5,0,1,14,social,healthcare,True,0
17,209.76,15,3,1,3,26,outbound,healthcare,False,0
22,1165.32,12,5,3,1,18,outbound,services,False,1
78,532.49,13,5,0,2,8,outbound,ecommerce,True,0
51,573.15,15,6,0,2,28,social,healthcare,False,1
95,1369.64,21,0,0,0,6,referral,services,False,1
59,222.72,12,3,0,0,22,organic,saas,False,0
118,293.14,10,3,0,1,10,referral,healthcare,False,0
73,259.14,12,2,1,0,10,social,saas,False,0
106,347.86,11,3,0,3,11,referral,healthcare,False,1
10,1880.93,13,2,0,0,21,outbound,ecommerce,False,0
20,89.92,14,3,2,2,41,organic,services,False,0
41,149.27,7,2,4,1,66,paid_search,ecommerce,True,1
129,125.75,8,6,1,1,1,referral,saas,True,1
246,2001.58,15,6,2,0,7,paid_search,services,False,0
48,266.56,13,5,0,1,10,organic,services,False,0
33,355.43,8,6,0,1,0,organic,finance,False,1
11,98.04,11,4,0,1,4,outbound,finance,False,0
109,379.03,14,2,2,0,44,referral,ecommerce,False,0
35,1172.06,8,3,0,1,2,organic,healthcare,False,0
582,634.58,10,2,0,1,49,organic,saas,False,0
30,442.37,12,6,1,2,11,referral,saas,True,1
294,103.04,12,3,0,1,2,organic,services,False,0
99,354.98,17,2,1,1,12,social,finance,True,0
24,570.73,12,1,0,0,1,social,saas,True,0
66,182.76,16,6,0,0,1,organic,saas,False,1
101,948.51,20,6,0,0,98,referral,services,False,0
46,1194.01,17,2,2,2,31,organic,saas,False,1
107,290.43,12,4,0,0,124,paid_search,ecommerce,False,0
105,1018.24,18,3,0,0,42,outbound,saas,False,0
88,441.54,14,3,0,1,4,referral,saas,True,1
54,1551.75,8,4,1,1,36,outbound,ecommerce,False,0
21,3767.44,15,6,0,2,16,organic,services,True,0
51,165.06,13,6,0,1,2,paid_search,ecommerce,False,0
63,1063.67,7,6,0,2,9,referral,healthcare,True,0
12,1817.04,16,6,0,0,5,referral,finance,False,0
63,186.67,7,5,0,0,1,outbound,healthcare,False,0
51,277.24,16,2,2,0,3,organic,finance,True,1
19,274.14,17,8,0,2,48,outbound,finance,True,0
42,431.48,11,4,1,0,19,outbound,healthcare,False,0
43,345.03,19,2,0,1,1,referral,healthcare,False,1
256,404.12,16,9,2,1,2,paid_search,finance,False,1
65,1139.09,12,3,0,1,1,referral,finance,True,1
125,74.01,8,5,0,4,25,paid_search,finance,False,1
50,186.07,8,3,0,1,44,social,saas,False,0
12,962.88,19,4,0,0,1,referral,finance,False,0
93,856.43,16,4,0,4,28,outbound,finance,False,1
32,170.96,12,5,0,2,27,referral,ecommerce,False,1
42,862.39,12,3,0,0,8,referral,services,False,0
24,1857.28,16,3,2,2,45,social,ecommerce,False,1
58,469.17,10,3,1,1,6,referral,saas,True,1
128,179.83,8,4,1,0,19,outbound,services,False,0
115,1181.99,11,8,0,1,31,organic,saas,False,0
194,2760.16,8,4,1,1,24,outbound,ecommerce,False,0
218,203.13,10,5,0,0,36,outbound,ecommerce,False,0
11,512.48,10,5,1,1,6,outbound,services,False,0
21,1465.8,15,5,2,4,16,referral,ecommerce,False,1
13,553.0,9,8,1,3,49,outbound,finance,False,0
91,85.86,10,7,0,0,3,paid_search,finance,True,0
31,767.71,8,3,0,1,85,social,healthcare,False,0
37,185.15,16,1,0,0,34,organic,services,False,0
46,138.28,9,7,0,3,39,paid_search,services,False,0
74,87.55,10,6,0,2,11,paid_search,ecommerce,False,0
17,1620.37,15,5,2,1,8,paid_search,services,False,1
20,213.85,12,2,0,1,42,paid_search,healthcare,False,0
55,687.69,9,4,1,1,6,outbound,saas,False,0
142,879.15,14,4,1,1,31,paid_search,ecommerce,True,0
54,579.3,12,5,0,2,7,social,healthcare,False,0
29,662.86,11,5,0,2,96,organic,saas,False,0
10,721.29,10,2,0,0,77,social,healthcare,True,0
117,565.72,10,4,1,1,62,social,ecommerce,False,0
30,230.41,11,5,1,1,16,paid_search,healthcare,False,0
22,210.75,13,5,2,1,29,social,saas,True,0
14,443.64,7,2,3,0,9,outbound,services,False,0
17,434.34,12,6,1,2,11,outbound,ecommerce,False,0
25,756.97,22,3,2,1,5,paid_search,saas,False,1
45,1482.74,18,4,1,1,26,referral,ecommerce,False,0
21,695.0,15,2,1,0,4,social,healthcare,False,0
63,219.01,10,4,0,1,12,paid_search,healthcare,True,0
45,55.64,6,2,1,0,36,outbound,healthcare,False,0
323,228.39,14,2,0,1,6,paid_search,saas,True,1
14,128.45,17,4,0,0,21,outbound,services,False,0
62,237.37,12,5,0,1,54,organic,ecommerce,False,0
63,627.83,15,6,1,1,17,organic,saas,False,1
24,536.14,12,6,0,0,10,outbound,finance,False,0
59,3159.53,14,3,0,3,6,outbound,finance,True,0
101,798.78,8,1,0,1,18,outbound,healthcare,False,0
59,3324.81,12,0,0,2,14,outbound,ecommerce,False,0
165,1007.41,11,6,0,1,50,paid_search,ecommerce,True,0
10,1459.29,8,5,0,1,29,paid_search,healthcare,False,0
28,344.16,12,10,1,2,8,organic,saas,False,1
178,168.26,12,1,0,0,55,referral,ecommerce,False,0
113,314.52,16,3,0,2,10,organic,services,False,0
84,486.93,10,6,2,1,48,outbound,finance,False,0
146,262.92,14,3,0,3,34,organic,ecommerce,False,0
12,181.07,18,8,1,3,3,organic,saas,False,1
103,747.58,11,4,0,2,4,organic,finance,False,0
128,180.3,15,3,0,1,3,organic,ecommerce,True,1
32,106.33,13,1,0,3,4,organic,saas,False,1
447,160.44,7,2,1,1,18,social,saas,False,0
64,389.8,10,2,1,2,5,paid_search,finance,True,0
9,182.93,6,2,0,0,6,referral,healthcare,False,0
74,392.25,11,3,1,1,15,outbound,saas,False,0
31,898.25,7,4,1,0,29,referral,saas,False,0
139,875.19,14,8,0,0,10,social,healthcare,True,0
85,254.47,14,2,1,1,2,paid_search,healthcare,False,0
34,133.76,11,5,1,2,44,organic,finance,True,1
182,277.1,19,1,0,1,6,paid_search,saas,False,0
116,949.22,11,5,1,3,12,outbound,finance,False,0
28,1198.94,14,3,0,1,14,referral,services,False,1
48,701.27,11,4,0,2,18,paid_search,healthcare,False,1
83,1638.34,21,4,1,1,10,paid_search,saas,False,1
41,2777.21,19,2,2,1,1,outbound,finance,True,1
42,303.92,20,4,0,0,10,social,ecommerce,True,0
56,2178.87,13,4,0,0,0,referral,saas,True,1
23,379.73,10,4,1,2,0,outbound,ecommerce,True,1
9,1366.28,9,6,2,2,6,social,services,True,1
66,1000.82,6,2,0,3,32,referral,ecommerce,False,0
11,68.23,13,3,0,0,20,organic,services,True,1
25,187.5,13,2,1,1,22,organic,healthcare,True,0
13,145.29,11,3,1,2,54,outbound,healthcare,False,0
15,82.93,7,2,0,1,7,referral,saas,False,0
77,1187.16,15,2,1,2,30,paid_search,healthcare,True,1
46,3900.16,10,2,2,2,22,referral,saas,False,0
44,380.82,9,2,0,2,5,organic,healthcare,False,0
19,1157.66,16,3,0,4,9,outbound,ecommerce,True,1
32,2174.66,11,4,1,1,57,organic,ecommerce,False,0
74,606.88,14,4,2,0,15,outbound,healthcare,False,1
52,480.43,16,7,0,1,14,referral,saas,False,1
105,385.41,15,4,0,1,10,paid_search,ecommerce,False,1
118,843.5,9,0,0,0,65,organic,services,True,0
45,1181.68,11,5,0,1,17,outbound,saas,False,0
12,781.96,12,5,0,1,68,organic,ecommerce,True,1
30,755.56,14,4,0,1,8,organic,ecommerce,False,0
50,468.15,11,4,1,3,24,social,ecommerce,False,0
29,100.19,11,2,0,1,11,paid_search,finance,False,0
23,1209.2,12,8,0,2,1,paid_search,saas,False,0
58,136.37,10,2,1,1,38,organic,ecommerce,False,0
382,915.42,9,8,0,1,10,outbound,healthcare,True,0
37,1049.15,9,1,1,2,28,paid_search,ecommerce,True,0
54,157.52,13,4,0,0,6,organic,services,False,0
19,268.33,8,2,2,0,4,paid_search,services,False,1
148,4111.22,15,7,0,0,1,organic,saas,False,0
110,455.1,9,2,1,1,1,paid_search,ecommerce,True,1
104,145.44,7,7,1,0,22,organic,saas,True,0
162,1097.6,13,4,2,1,11,organic,saas,False,1
39,227.54,10,1,1,2,19,paid_search,healthcare,False,0
43,72.2,14,4,0,1,53,outbound,healthcare,False,0
214,828.63,9,1,0,2,9,organic,ecommerce,False,0
91,197.04,16,6,0,0,13,organic,ecommerce,True,1
9,679.39,13,2,0,1,9,outbound,ecommerce,False,0
79,218.61,16,6,1,1,66,outbound,services,False,0
34,999.45,7,3,1,2,15,social,services,False,0
112,592.0,11,3,1,1,18,organic,saas,True,0
76,37.0,11,8,0,0,39,paid_search,finance,False,0
14,721.99,8,2,0,1,8,organic,ecommerce,False,0
68,368.81,10,3,1,0,40,organic,finance,False,1
65,2031.88,9,3,1,1,12,paid_search,healthcare,False,1
73,731.58,16,4,0,2,19,referral,services,True,0
87,1049.59,14,2,1,0,61,paid_search,saas,False,0
181,242.13,13,2,0,2,4,referral,ecommerce,False,1
76,223.62,17,5,1,2,12,paid_search,services,False,0
56,480.27,11,7,1,2,62,paid_search,saas,False,0
137,343.57,13,3,2,1,32,social,saas,False,1
328,1878.09,12,7,3,1,8,outbound,finance,False,1
114,422.71,12,7,1,2,3,paid_search,finance,False,1
64,144.77,12,9,0,0,14,referral,finance,False,0
77,215.38,14,6,0,1,77,paid_search,finance,False,0
67,1293.43,9,4,0,2,47,organic,finance,True,0
55,416.86,6,3,0,2,8,social,saas,False,0
309,395.16,14,4,0,1,12,organic,healthcare,True,1
30,1422.52,11,6,0,2,24,paid_search,finance,False,0
138,197.4,12,5,0,2,78,referral,services,False,0
49,52.71,14,5,0,1,6,organic,saas,True,0
17,210.01,13,5,0,1,53,organic,saas,False,0
47,627.72,8,1,1,1,11,paid_search,finance,False,1
35,383.94,13,3,0,0,4,outbound,ecommerce,False,0
87,103.5,18,8,3,3,17,referral,saas,False,1
59,1361.12,8,8,1,0,20,paid_search,services,False,0
24,580.27,9,3,0,3,20,organic,healthcare,False,0
177,727.06,15,2,0,2,10,referral,ecommerce,False,0
131,749.65,13,1,0,0,9,organic,saas,True,1
194,134.49,12,6,0,1,7,referral,saas,True,1
66,667.06,12,2,0,2,11,social,finance,True,0
53,1221.03,15,6,1,3,26,paid_search,healthcare,False,0
96,1541.19,12,2,1,0,3,paid_search,saas,False,0
34,1013.6,13,5,0,1,5,organic,ecommerce,False,0
61,823.14,7,9,0,1,17,organic,saas,False,1
47,86.71,12,10,0,1,44,paid_search,saas,True,1
17,485.44,17,3,0,0,36,outbound,ecommerce,False,0
60,189.32,18,4,2,0,32,organic,healthcare,False,1
38,1776.09,14,3,0,1,30,referral,saas,False,0
45,1525.96,16,5,1,0,44,social,ecommerce,False,0
73,190.47,12,5,1,1,72,organic,healthcare,True,1
151,470.61,17,4,2,2,15,organic,ecommerce,False,0
28,631.76,11,5,0,1,12,paid_search,saas,False,0
42,1212.93,9,9,1,0,13,social,saas,True,1
30,92.24,10,7,0,1,57,paid_search,saas,False,0
28,54.08,11,6,0,0,22,social,ecommerce,False,0
34,511.91,12,5,2,3,29,outbound,finance,True,0
47,39.2,9,3,1,1,43,social,saas,True,1
87,577.42,12,6,0,3,0,outbound,finance,False,0
71,890.88,6,6,0,1,91,social,finance,False,0
23,1696.09,9,7,0,1,4,outbound,saas,False,0
154,264.39,6,5,0,2,86,outbound,saas,False,0
116,578.93,12,6,1,1,2,social,saas,False,0
27,945.31,8,2,1,3,45,outbound,saas,False,0
145,152.06,13,5,0,0,7,outbound,healthcare,False,0
71,1230.71,9,3,0,0,2,referral,saas,False,0
48,648.29,11,2,0,1,17,referral,services,True,1
73,268.96,19,4,1,0,11,referral,healthcare,False,0
53,567.58,12,6,0,0,4,outbound,finance,False,0
84,428.66,23,5,1,1,17,paid_search,finance,False,1
63,1075.0,10,5,0,2,28,outbound,healthcare,False,0
42,343.62,7,4,1,1,38,social,services,False,0
11,618.37,8,5,0,0,7,outbound,services,False,0
83,264.82,10,3,2,0,29,organic,ecommerce,False,0
40,192.9,15,8,1,1,43,social,saas,False,1
102,584.95,16,4,1,2,6,social,ecommerce,False,0
80,200.99,13,3,0,1,26,outbound,saas,False,0
41,1097.27,9,2,0,0,3,outbound,healthcare,False,0
124,890.9,12,4,1,2,18,referral,ecommerce,False,1
64,229.27,14,0,0,1,2,referral,healthcare,False,0
62,610.2,14,5,0,0,22,organic,finance,False,0
49,228.22,10,0,1,0,36,outbound,ecommerce,False,0
210,99.06,14,0,1,0,3,paid_search,healthcare,True,0
31,271.18,11,6,0,1,47,social,ecommerce,False,0
42,468.57,15,1,1,0,3,social,finance,False,0
20,829.99,6,1,0,1,80,paid_search,healthcare,False,0
98,572.2,13,1,1,0,15,organic,saas,False,0
34,1221.3,13,4,0,2,13,organic,finance,False,1
37,184.72,14,9,0,0,8,outbound,saas,False,0
36,338.09,19,7,0,1,22,referral,finance,False,0
57,2551.32,9,3,0,1,26,organic,healthcare,True,1
20,71.44,12,3,0,1,4,social,ecommerce,False,1
9,313.58,15,3,0,2,29,paid_search,finance,True,0
79,168.76,14,0,1,2,6,outbound,services,False,1
10,405.29,10,4,0,2,22,paid_search,finance,False,0
108,319.12,8,6,2,2,4,organic,healthcare,False,1
190,899.78,8,4,0,1,1,organic,finance,False,0
48,636.2,12,5,0,0,29,referral,ecommerce,False,0
154,133.54,14,5,1,0,19,paid_search,finance,False,0
54,273.65,10,5,1,0,8,social,services,False,0
196,492.69,15,6,0,1,6,paid_search,saas,False,0
38,1032.13,10,3,0,3,24,paid_search,saas,False,0
8,5613.65,8,4,1,1,43,paid_search,ecommerce,False,0
51,995.05,6,3,0,2,21,paid_search,saas,False,0
214,179.02,13,2,0,0,42,outbound,ecommerce,True,0
84,448.61,7,8,1,1,55,organic,saas,True,0
36,590.5,12,8,0,2,37,outbound,healthcare,False,0
71,293.13,12,1,0,1,1,paid_search,saas,False,0
119,788.6,7,4,1,1,68,organic,ecommerce,False,1
51,50.84,13,4,0,1,22,organic,finance,False,0
446,856.75,17,3,1,1,12,organic,ecommerce,False,0
36,306.01,7,2,0,1,10,social,ecommerce,False,0
122,441.55,12,4,1,0,26,referral,finance,True,0
100,2133.93,8,6,2,0,23,paid_search,services,False,0
31,139.56,18,2,0,0,5,social,healthcare,False,0
39,647.24,12,3,1,1,29,referral,saas,False,1
123,1089.99,13,4,0,3,1,outbound,saas,True,1
61,584.25,10,2,0,1,17,outbound,services,False,0
72,98.08,12,1,0,0,1,social,finance,False,0
15,1901.5,13,1,0,5,4,outbound,finance,False,0
92,398.87,12,1,2,1,2,social,finance,False,0
69,290.75,15,4,1,1,6,referral,saas,False,0
52,361.23,12,2,2,1,4,social,ecommerce,True,1
73,336.25,8,2,2,2,12,organic,finance,True,1
39,149.88,7,3,0,3,27,social,services,False,0
34,581.12,7,8,0,1,19,outbound,saas,False,0
45,271.18,12,2,1,2,7,organic,healthcare,False,1
38,963.8,8,6,0,1,3,outbound,saas,False,0
312,826.83,14,11,0,0,109,outbound,services,True,0
113,2504.06,9,5,0,0,18,organic,ecommerce,True,0
25,398.76,14,7,0,2,8,referral,finance,False,1
278,220.69,11,2,0,2,46,outbound,saas,True,0
39,113.32,16,4,1,0,5,outbound,healthcare,False,0
56,4417.56,7,3,1,2,5,organic,finance,False,0
112,955.38,10,2,0,1,13,paid_search,ecommerce,False,0
11,246.55,9,8,1,0,1,social,services,False,1
45,2678.88,15,5,0,2,21,organic,services,False,0
35,1912.49,14,3,0,1,10,paid_search,services,True,1
64,127.58,12,4,0,3,22,organic,ecommerce,True,1
73,231.95,15,6,0,1,24,organic,finance,False,0
51,431.68,22,3,1,0,12,referral,healthcare,False,1
49,169.0,10,2,1,0,10,social,healthcare,True,0
128,447.39,13,2,0,2,21,referral,healthcare,False,0
69,1004.22,14,0,1,2,7,social,healthcare,True,0
56,124.8,13,5,0,0,31,paid_search,saas,False,1
61,660.5,13,4,0,1,30,paid_search,ecommerce,False,1
237,1585.25,15,5,0,1,56,organic,saas,False,0
63,735.26,12,3,2,1,18,organic,ecommerce,True,1
36,456.86,8,7,0,1,30,paid_search,saas,False,0
12,252.62,13,5,0,2,6,organic,saas,False,1
17,1130.98,14,7,2,3,55,organic,finance,False,0
38,151.88,11,4,0,3,8,organic,healthcare,False,0
50,628.16,11,2,0,0,11,social,saas,False,1
35,505.48,18,5,3,0,5,referral,finance,False,1
72,1518.7,7,4,0,1,4,outbound,services,True,0
35,275.13,20,3,0,2,2,social,services,True,0
26,299.54,13,4,0,2,2,referral,services,False,1
89,142.33,11,5,0,2,7,organic,services,False,1
163,763.02,19,6,1,0,167,referral,healthcare,False,0
23,322.53,12,5,0,1,22,organic,services,False,0
66,208.08,11,8,0,2,63,paid_search,services,True,0
12,228.88,18,5,2,2,23,paid_search,ecommerce,False,1
17,843.12,19,3,2,1,5,paid_search,services,True,1
34,163.54,12,3,0,1,53,paid_search,finance,False,0
135,178.72,12,6,0,0,24,social,finance,False,0
29,1207.57,22,3,1,2,69,outbound,services,True,1
28,417.33,12,3,0,1,35,social,ecommerce,False,0
56,1281.06,10,5,0,1,20,referral,ecommerce,False,1
56,344.0,14,4,0,1,80,referral,healthcare,False,0
29,492.19,10,8,0,2,23,organic,finance,False,0
267,576.11,9,5,0,1,12,social,services,False,0
44,1972.95,13,5,0,1,19,referral,services,False,0
60,1818.69,12,2,2,2,38,paid_search,finance,True,1
40,1561.24,14,4,1,1,17,paid_search,services,True,0
78,262.74,17,2,1,0,44,outbound,saas,True,0
147,183.68,7,5,1,0,65,referral,services,False,0
207,1054.47,8,1,0,0,6,referral,saas,False,0
30,1952.29,10,3,1,2,1,referral,healthcare,False,1
132,1576.27,14,2,0,3,3,paid_search,saas,True,0
85,499.22,21,2,0,0,11,referral,healthcare,True,1
119,1020.26,12,5,2,0,82,paid_search,ecommerce,False,0
51,1038.35,15,6,0,2,54,paid_search,saas,False,0
47,571.89,13,4,2,1,38,social,healthcare,False,0
115,597.27,10,4,0,1,6,organic,finance,False,0
117,543.59,7,8,0,1,25,social,saas,True,0
191,224.06,10,7,0,0,1,paid_search,finance,True,0
64,248.13,12,5,1,2,6,social,saas,False,0
50,244.33,8,8,1,1,20,referral,saas,False,1
8,99.56,19,4,1,1,5,social,saas,True,0
15,568.42,12,4,2,1,26,referral,healthcare,False,0
40,473.16,5,5,0,2,34,outbound,finance,False,0
23,1055.71,8,4,0,1,38,referral,healthcare,False,1
105,1738.39,14,4,2,1,25,social,services,False,1
19,1852.51,11,4,0,1,2,social,healthcare,False,0
37,2035.44,10,5,0,1,2,organic,finance,False,0
38,231.12,11,3,1,1,3,paid_search,services,True,1
143,117.69,15,3,0,1,21,paid_search,ecommerce,False,1
34,1249.81,17,4,1,1,75,paid_search,saas,True,1
78,1962.81,11,4,2,0,17,paid_search,saas,False,1
64,2335.53,16,2,1,1,52,paid_search,healthcare,True,0
112,800.31,11,4,1,1,0,referral,healthcare,False,1
108,66.91,8,6,1,3,16,organic,saas,False,0
53,710.24,14,3,0,0,31,outbound,services,True,0
14,858.72,12,3,0,0,13,paid_search,services,False,0
45,1723.44,9,3,1,1,60,social,ecommerce,False,0
54,2058.29,9,5,1,0,14,organic,saas,False,0
69,1223.7,9,6,2,1,1,paid_search,saas,False,1
30,273.89,11,2,0,1,7,organic,ecommerce,False,0
136,176.07,15,6,0,1,9,social,services,False,0
55,840.47,13,5,2,1,25,paid_search,healthcare,False,0
26,223.09,17,6,2,4,32,outbound,saas,False,0
38,2154.12,14,7,0,1,16,paid_search,healthcare,False,0
255,89.61,11,1,1,2,32,referral,saas,False,0
93,868.6,8,3,0,0,87,paid_search,ecommerce,False,0
126,678.26,9,8,0,4,11,referral,ecommerce,False,0
24,400.71,18,1,0,0,5,paid_search,healthcare,True,0
31,195.37,12,4,1,3,1,paid_search,healthcare,False,0
32,62.69,9,5,0,0,71,organic,services,False,0
63,289.62,9,7,0,0,98,organic,saas,False,0
48,294.75,9,5,0,0,25,organic,finance,False,0
37,1497.78,8,6,2,0,3,outbound,saas,False,1
41,225.24,10,2,1,3,20,paid_search,ecommerce,False,1
29,774.93,11,5,0,1,4,organic,services,False,0
47,135.34,14,3,1,0,12,outbound,finance,False,0
133,796.52,14,1,0,0,6,organic,saas,True,0
16,52.58,14,5,2,1,8,paid_search,healthcare,True,1
72,4004.99,5,2,1,2,0,social,finance,False,1
165,427.92,15,7,1,0,27,outbound,services,True,1
47,30.13,12,4,0,2,2,social,healthcare,False,0
36,240.39,6,3,0,1,55,paid_search,saas,False,0
114,205.27,12,1,0,2,17,outbound,healthcare,False,0
25,255.75,15,5,1,2,150,organic,saas,False,0
54,342.19,6,3,1,1,82,outbound,saas,True,0
24,254.01,16,5,0,0,6,outbound,healthcare,False,0
12,217.8,15,2,0,1,44,outbound,finance,False,0
48,154.67,13,6,1,5,5,paid_search,saas,False,1
20,1120.79,13,1,1,0,53,organic,finance,False,0
54,1637.84,9,3,1,0,59,social,finance,False,0
133,382.0,23,2,1,0,18,referral,finance,False,1
241,484.13,13,4,1,0,13,referral,saas,False,0
59,159.76,11,4,0,1,9,outbound,ecommerce,True,0
123,529.02,9,5,0,3,10,referral,saas,False,0
75,620.15,13,6,0,1,1,paid_search,saas,False,0
40,395.68,21,3,1,2,78,paid_search,ecommerce,False,0
12,732.22,17,4,0,2,6,organic,ecommerce,True,1
201,670.96,7,3,0,0,23,organic,saas,False,0
24,171.72,12,4,0,2,7,organic,saas,False,0
165,1624.65,9,1,1,0,39,outbound,services,False,0
84,400.36,12,1,0,2,4,social,finance,False,1
25,2632.19,15,2,1,0,2,referral,ecommerce,False,1
70,750.26,11,1,0,1,23,paid_search,services,True,1
301,3536.64,15,2,0,0,5,social,saas,False,0
187,1596.02,9,1,1,1,11,outbound,ecommerce,False,0
36,618.43,9,7,1,4,22,outbound,services,False,1
31,239.1,10,2,1,0,12,referral,ecommerce,False,1
59,244.31,12,3,1,1,3,outbound,saas,False,0
48,839.69,12,5,1,0,4,referral,ecommerce,False,0
143,568.57,12,4,0,5,5,referral,healthcare,False,1
99,273.41,10,7,3,1,4,outbound,healthcare,False,1
14,1133.49,14,6,4,5,4,paid_search,ecommerce,True,1
79,512.23,12,2,0,0,10,paid_search,ecommerce,True,0
47,1140.26,14,4,0,1,7,paid_search,ecommerce,False,0
56,185.77,10,6,0,0,12,referral,healthcare,False,0
67,1338.72,9,3,0,0,24,referral,saas,True,0
142,813.22,12,6,0,1,29,social,services,True,1
119,1632.01,13,3,1,3,13,paid_search,finance,False,1
30,1309.54,15,3,1,1,3,organic,ecommerce,False,1
52,452.62,9,2,0,3,10,outbound,finance,False,0
38,417.64,8,5,4,0,9,paid_search,saas,False,1
14,2930.8,7,5,1,1,1,outbound,ecommerce,False,0
50,368.5,16,5,0,1,44,organic,ecommerce,False,0
239,1041.52,16,4,0,1,4,referral,ecommerce,False,1
14,336.5,9,2,1,3,37,referral,finance,True,1
54,76.56,14,5,0,0,5,outbound,services,False,0
52,144.41,15,3,1,0,8,organic,ecommerce,True,1
69,739.46,11,5,2,4,50,outbound,ecommerce,False,1
25,993.4,12,2,0,2,40,referral,healthcare,True,0
17,741.9,15,2,0,2,8,referral,ecommerce,False,0
18,1549.91,11,5,1,1,3,referral,saas,False,1
158,728.7,17,6,0,1,12,organic,services,False,0
25,226.96,16,3,1,0,19,referral,services,True,0
37,892.75,9,8,0,1,36,paid_search,services,False,1
294,583.83,9,7,1,2,44,paid_search,saas,True,1
30,277.12,13,4,0,1,5,referral,saas,False,0
72,790.38,12,5,1,0,7,referral,ecommerce,True,1
128,533.45,15,7,0,3,1,organic,services,False,1
123,269.08,7,3,0,2,18,organic,saas,False,0
19,412.46,10,10,0,1,12,organic,saas,True,1
31,2025.49,12,3,0,1,55,organic,saas,False,1
70,1960.37,9,5,1,1,39,referral,finance,False,1
255,594.75,14,3,1,0,26,organic,finance,False,0
30,521.79,9,6,1,1,7,outbound,finance,True,1
37,117.56,12,3,1,1,51,organic,saas,False,0
76,2750.02,9,5,0,2,2,organic,finance,True,1
90,1389.0,20,1,0,2,36,outbound,ecommerce,True,0
94,1045.19,10,3,2,1,21,paid_search,saas,False,0
28,50.67,13,6,0,2,30,paid_search,ecommerce,True,0
36,513.33,12,4,1,0,23,outbound,healthcare,False,0
65,433.92,16,3,0,0,52,outbound,ecommerce,False,0
150,975.37,18,3,0,1,21,social,services,True,1
45,313.87,12,1,1,1,12,organic,healthcare,False,0
54,390.84,10,8,1,0,13,referral,ecommerce,True,1
24,915.45,11,6,0,0,2,outbound,finance,False,0
242,227.33,18,4,0,1,17,outbound,finance,False,0
62,277.54,9,5,1,2,3,organic,saas,True,1
129,597.84,19,1,1,3,11,paid_search,healthcare,False,0
56,1878.98,18,6,1,3,35,paid_search,saas,False,0
58,1105.96,12,4,2,2,45,organic,ecommerce,False,1
16,1444.33,17,5,0,1,3,social,finance,True,1
10,524.96,7,5,0,3,12,paid_search,healthcare,False,0
149,2197.51,11,4,1,2,73,paid_search,ecommerce,False,1
58,86.39,13,1,1,1,49,organic,saas,False,0
64,3722.83,11,3,0,2,11,referral,healthcare,True,0
20,4237.63,11,4,0,3,18,organic,ecommerce,False,1
27,777.91,18,1,0,3,13,paid_search,services,False,1
128,1132.59,15,3,0,0,15,organic,healthcare,False,0
220,474.38,13,4,0,0,4,outbound,services,False,0
33,399.59,13,3,0,3,62,organic,ecommerce,False,1
93,267.5,16,1,0,2,53,referral,services,False,0
64,469.18,11,4,0,0,4,organic,saas,False,0
50,859.14,13,4,0,1,13,organic,ecommerce,True,0
240,749.86,18,6,0,0,7,organic,saas,False,0
38,3592.5,11,3,2,0,18,organic,saas,True,1
147,544.72,9,2,0,3,38,organic,services,False,0
74,111.18,6,9,1,1,180,referral,finance,False,0
54,2551.18,17,0,1,2,5,social,healthcare,False,1
164,145.34,15,3,1,1,5,organic,healthcare,True,1
69,281.63,10,3,0,0,25,paid_search,healthcare,True,1
51,646.61,13,2,0,0,44,referral,healthcare,False,0
165,747.83,5,6,0,1,37,organic,services,True,1
148,116.11,18,3,3,3,2,paid_search,healthcare,False,1
143,233.58,10,4,0,0,6,organic,finance,False,0
2,112.08,7,4,0,2,31,organic,ecommerce,True,0
78,917.56,11,4,1,1,28,paid_search,services,False,0
65,1609.02,11,0,2,1,27,outbound,saas,True,1
53,145.21,7,1,1,0,16,outbound,ecommerce,True,0
89,1333.63,9,2,0,2,10,outbound,services,False,0
67,1249.85,10,2,0,0,62,paid_search,saas,False,0
94,254.91,12,2,0,1,6,organic,saas,False,1
44,67.86,7,1,1,1,32,paid_search,ecommerce,True,0
181,168.8,11,4,1,2,9,organic,ecommerce,True,1
102,271.71,18,1,1,0,28,organic,services,False,0
84,2302.32,6,3,0,1,6,organic,services,False,0
81,437.77,14,1,0,1,7,paid_search,ecommerce,True,0
138,180.04,6,3,2,0,38,paid_search,services,False,0
124,571.26,14,8,1,0,97,organic,healthcare,False,0
50,134.92,7,9,1,2,51,social,services,False,0
121,824.14,10,2,0,1,41,paid_search,saas,False,0
63,185.37,10,1,0,1,2,outbound,healthcare,False,0
253,214.32,14,5,1,1,22,organic,saas,False,1
131,717.3,10,4,0,0,38,referral,saas,False,0
33,2836.24,11,5,1,0,17,organic,finance,True,0
352,4437.24,12,4,0,1,6,referral,saas,False,0
10,174.19,7,5,0,0,71,organic,healthcare,False,0
91,271.35,7,0,0,1,24,organic,finance,False,0
31,825.12,11,2,0,0,29,referral,saas,True,1
246,1585.71,6,3,3,4,32,paid_search,ecommerce,True,1
67,56.59,8,3,2,0,7,organic,finance,False,1
29,537.72,15,1,0,2,34,outbound,services,False,0
44,302.73,8,3,0,3,21,organic,ecommerce,True,0
31,71.95,10,5,1,2,19,referral,services,False,1
43,129.39,8,9,1,0,3,referral,services,False,0
42,279.28,12,5,0,1,4,paid_search,finance,False,0
30,522.6,8,0,0,0,33,paid_search,ecommerce,False,0
68,1350.33,9,5,0,1,20,organic,finance,False,0
75,702.29,9,3,2,0,2,social,services,False,0
25,1270.97,14,5,0,1,4,organic,ecommerce,True,1
14,506.09,7,5,3,0,21,organic,services,False,0
70,243.48,9,7,1,0,4,paid_search,services,False,0
84,410.04,6,1,0,0,78,outbound,healthcare,False,0
98,987.84,10,2,1,0,16,social,finance,True,1
85,1383.76,14,3,0,0,4,outbound,healthcare,False,0
192,425.02,9,7,2,2,22,social,finance,False,1
121,194.59,12,5,0,1,17,social,services,True,0
466,689.29,11,5,1,1,2,referral,saas,False,1
652,794.71,17,4,0,3,47,outbound,saas,True,0
13,1690.4,22,6,0,2,33,referral,ecommerce,False,0
9,249.94,14,10,0,0,91,paid_search,services,True,0
54,252.7,9,1,0,2,18,referral,ecommerce,True,1
82,1049.6,13,5,0,0,55,referral,services,False,0
51,327.85,15,3,0,2,47,organic,ecommerce,False,1
96,314.29,7,8,1,0,180,paid_search,ecommerce,False,0
44,1727.0,12,5,0,0,5,paid_search,services,False,1
31,125.09,13,2,2,3,25,outbound,healthcare,True,1
35,3851.44,20,2,1,2,3,paid_search,ecommerce,False,1
47,267.03,15,6,2,3,77,outbound,saas,False,1
107,1172.31,13,7,1,2,92,paid_search,saas,False,0
37,441.95,15,6,0,1,82,social,saas,True,0
43,646.36,12,3,0,2,23,organic,ecommerce,False,1
86,378.88,10,7,0,1,5,outbound,healthcare,False,0
47,1160.47,12,4,2,0,20,referral,ecommerce,False,1
133,348.16,13,5,0,0,61,paid_search,saas,False,0
26,277.84,15,3,1,0,14,organic,ecommerce,False,0
22,3021.0,12,2,1,2,31,paid_search,ecommerce,False,1
70,507.44,15,4,0,0,2,paid_search,services,False,0
75,250.71,15,6,0,2,3,social,ecommerce,True,1
27,111.02,21,4,2,0,2,outbound,saas,False,1
160,3183.0,6,5,0,2,20,social,healthcare,False,1
255,283.74,15,2,0,0,10,referral,services,False,0
33,3873.21,14,4,1,1,1,paid_search,finance,True,1
179,734.25,17,3,0,0,50,outbound,services,False,0
8,568.43,12,0,0,0,18,outbound,services,False,0
129,583.97,11,4,1,2,78,paid_search,healthcare,False,1
27,4518.57,11,3,0,1,25,outbound,services,True,0
119,55.02,9,3,1,3,29,paid_search,saas,False,0
25,610.54,10,2,0,3,7,outbound,services,False,0
52,377.96,9,4,0,1,1,outbound,services,False,0
29,398.18,10,6,0,0,21,social,services,True,0
46,572.1,13,7,0,2,1,organic,healthcare,True,1
236,377.57,14,0,0,1,7,referral,finance,False,1
50,594.74,15,2,0,1,47,organic,saas,False,0
295,481.27,11,2,0,0,31,social,healthcare,False,1
40,132.48,11,5,1,2,102,paid_search,ecommerce,False,0
180,721.52,7,6,1,3,29,social,healthcare,True,1
15,1008.33,14,4,2,4,92,outbound,finance,True,1
43,286.56,18,1,0,0,3,organic,ecommerce,False,0
36,3190.38,15,5,0,0,45,paid_search,saas,True,0
187,1873.52,10,3,1,0,31,referral,ecommerce,True,0
63,1145.91,15,2,0,1,4,paid_search,finance,True,0
10,1132.09,9,2,0,2,22,organic,finance,False,0
19,507.8,17,1,0,2,13,organic,finance,True,0
24,1542.83,11,4,0,2,21,paid_search,saas,False,0
115,2370.26,12,5,1,2,17,referral,services,True,1
104,1105.47,8,0,0,2,24,referral,finance,False,0
43,278.58,11,1,4,1,24,organic,saas,True,1
35,473.58,12,1,0,1,19,paid_search,ecommerce,False,1
97,874.52,14,7,1,0,5,paid_search,ecommerce,False,0
22,1138.82,10,1,0,3,3,paid_search,ecommerce,False,0
79,456.01,11,8,1,1,82,social,saas,False,0
74,279.55,14,3,0,2,2,paid_search,saas,False,1
44,2402.36,16,3,1,1,15,referral,saas,True,0
75,168.63,12,5,0,2,82,outbound,saas,False,0
59,192.23,11,3,1,0,8,referral,ecommerce,False,1
81,130.7,14,9,1,1,21,referral,services,False,1
19,191.8,10,4,0,1,42,organic,healthcare,True,0
89,1715.3,12,3,1,1,7,organic,ecommerce,False,0
124,1773.72,13,6,2,1,23,organic,finance,True,1
71,457.58,10,4,0,2,13,social,healthcare,True,0
88,809.42,12,2,0,0,102,outbound,saas,False,0
50,487.6,13,4,2,5,10,organic,saas,False,1
111,149.61,17,3,1,0,11,organic,saas,True,1
58,4528.32,9,9,1,2,39,paid_search,healthcare,True,0
22,1948.35,14,4,0,1,6,referral,ecommerce,True,1
105,702.34,13,4,0,0,0,referral,ecommerce,True,0
15,209.37,7,4,0,2,1,social,healthcare,False,0
68,393.49,13,3,0,2,26,outbound,services,False,0
40,246.55,9,5,0,1,56,paid_search,ecommerce,True,0
38,543.26,11,3,2,1,0,social,healthcare,False,0
63,671.77,15,1,0,3,18,referral,healthcare,False,0
31,350.33,17,3,1,2,36,paid_search,finance,False,0
82,115.08,10,3,0,2,26,outbound,finance,False,0
57,4154.96,9,6,0,0,9,organic,finance,False,0
33,624.86,12,1,1,1,4,social,saas,True,0
159,777.9,13,4,0,2,17,social,ecommerce,False,0
64,322.98,14,3,2,1,0,outbound,services,False,0
90,103.34,12,7,0,1,116,referral,ecommerce,False,0
170,453.37,12,2,2,2,54,paid_search,services,False,0
167,356.66,11,3,1,3,51,outbound,ecommerce,False,0
87,1001.78,12,2,0,0,20,social,healthcare,False,0
43,1219.36,8,5,1,1,35,referral,healthcare,True,0
17,1058.95,8,2,2,0,42,social,ecommerce,False,0
64,1323.81,13,3,0,1,9,paid_search,services,False,0
131,2991.91,16,8,0,0,9,referral,saas,True,1
72,727.67,17,4,1,1,24,outbound,healthcare,True,1
3,1479.14,14,1,2,0,6,paid_search,healthcare,True,1
110,807.43,17,2,0,1,23,referral,services,False,0
115,73.7,20,2,1,0,29,outbound,healthcare,False,0
43,422.2,6,6,0,2,33,social,services,False,0
120,206.91,13,6,0,1,36,outbound,services,False,0
90,621.06,8,2,1,0,86,paid_search,ecommerce,False,0
32,223.41,13,4,1,1,53,outbound,services,False,0
151,902.96,13,4,2,0,22,organic,services,True,0
20,1314.26,15,5,1,0,50,referral,ecommerce,False,0
52,1641.84,17,5,1,2,13,referral,healthcare,True,1
48,2488.07,14,9,0,1,44,social,ecommerce,False,0
28,92.2,3,2,4,3,13,outbound,healthcare,False,0
70,148.56,8,3,2,0,4,social,saas,True,0
156,9207.88,11,2,0,0,18,referral,finance,False,1
148,1352.25,18,2,0,0,1,paid_search,ecommerce,False,0
97,616.74,16,1,0,1,45,referral,healthcare,False,0
14,508.79,14,4,2,2,7,referral,saas,True,1
19,465.51,9,3,1,0,32,organic,finance,False,0
62,71.25,9,3,1,2,41,referral,healthcare,True,1
53,227.62,14,5,1,2,50,outbound,healthcare,False,1
37,440.61,14,6,0,2,5,social,ecommerce,True,0
251,240.84,9,3,0,1,16,social,saas,False,0
59,274.48,9,3,1,1,2,paid_search,ecommerce,False,0
84,6366.03,6,6,0,1,16,referral,services,True,0
120,383.12,11,0,1,0,35,organic,saas,True,0
57,650.75,12,5,0,0,51,paid_search,finance,False,1
434,628.0,14,0,0,1,90,referral,saas,False,0
26,888.43,15,4,2,1,49,paid_search,finance,False,0
34,305.73,15,1,1,0,21,organic,saas,True,1
26,1714.68,11,2,0,1,8,social,ecommerce,True,0
191,767.83,10,6,0,2,37,paid_search,ecommerce,True,0
104,136.02,13,3,0,1,1,paid_search,saas,True,1
35,442.52,12,2,1,1,19,organic,ecommerce,False,0
27,414.82,14,6,0,0,23,referral,ecommerce,False,0
165,396.17,16,4,0,0,10,paid_search,healthcare,True,1
73,819.99,10,1,0,1,5,referral,services,False,0
169,929.57,9,3,1,3,3,referral,healthcare,True,1
52,826.05,15,6,0,1,16,organic,services,False,1
82,691.54,8,4,0,1,41,outbound,ecommerce,False,0
69,536.81,16,3,0,1,8,organic,saas,False,1
33,57.33,18,3,1,1,8,paid_search,saas,False,1
49,1072.66,18,1,1,2,23,organic,ecommerce,False,1
21,803.0,12,2,1,1,16,referral,ecommerce,True,0
81,184.06,12,3,0,0,54,paid_search,services,False,1
100,652.35,13,2,1,2,6,outbound,finance,False,1
121,941.94,8,3,2,2,73,paid_search,healthcare,False,0
93,1589.61,7,1,2,5,14,referral,healthcare,False,0
49,820.82,12,8,0,1,26,organic,ecommerce,False,0
189,679.67,12,4,1,0,52,organic,healthcare,False,1
111,1270.0,9,2,0,0,29,paid_search,saas,False,0
166,362.66,8,4,0,0,4,referral,saas,False,1
174,743.97,12,4,1,1,18,paid_search,ecommerce,False,0
49,264.78,15,5,1,1,49,outbound,saas,True,0
74,1495.62,11,3,0,0,14,social,finance,False,0
101,98.52,9,2,0,2,2,outbound,saas,True,0
22,1115.14,11,4,1,2,99,paid_search,saas,False,0
22,501.55,11,4,1,0,16,social,services,True,0
19,1293.86,11,4,1,0,4,referral,services,False,0
50,225.76,12,1,1,0,15,referral,healthcare,False,0
42,539.14,9,0,0,2,24,outbound,healthcare,False,0
17,523.55,17,6,0,2,5,social,finance,False,0
62,760.43,13,3,0,0,172,outbound,saas,False,0
51,172.85,9,6,1,1,72,social,ecommerce,True,0
141,930.96,15,3,3,0,67,organic,saas,False,1
273,77.8,13,3,0,3,3,social,ecommerce,False,1
79,252.69,14,6,0,1,11,referral,services,False,1
31,103.26,5,5,0,0,2,outbound,finance,False,0
92,1128.02,13,5,2,1,32,outbound,services,True,1
55,735.19,13,6,2,0,31,organic,finance,False,0
45,777.47,10,2,0,0,36,organic,healthcare,False,0
27,2149.93,13,4,3,0,33,organic,finance,False,0
38,359.26,11,7,0,1,2,referral,finance,False,0
47,906.5,15,5,1,1,17,organic,ecommerce,False,1
104,526.38,10,3,1,1,55,social,ecommerce,True,1
82,452.04,7,5,0,0,5,referral,healthcare,False,1
235,1820.06,7,3,1,0,24,outbound,ecommerce,True,1
94,3951.61,16,4,0,0,38,paid_search,healthcare,False,0
77,320.07,13,3,0,1,40,referral,saas,False,0
43,1134.24,9,1,0,1,3,organic,healthcare,False,0
24,677.98,11,2,0,0,17,outbound,saas,False,0
35,686.16,12,5,0,0,20,organic,ecommerce,False,0
31,630.92,9,6,1,1,7,organic,healthcare,False,1
7,353.16,9,2,0,2,19,organic,saas,False,0
24,25.0,7,4,0,0,3,outbound,services,True,0
197,2286.57,12,3,1,2,2,organic,ecommerce,False,1
73,245.98,12,5,0,2,44,referral,ecommerce,False,0
40,387.01,13,7,2,1,1,social,saas,False,1
75,395.32,23,5,0,1,8,social,services,False,0
11,225.02,6,3,0,2,8,organic,healthcare,False,0
68,626.56,13,2,1,1,50,organic,ecommerce,True,0
152,471.39,13,5,1,1,15,paid_search,saas,True,0
50,240.68,9,7,0,2,11,organic,finance,False,0
13,572.09,10,2,1,1,7,social,services,True,1
39,476.73,16,2,0,0,4,paid_search,ecommerce,False,0
152,1246.18,13,2,1,1,43,paid_search,saas,False,0
67,128.97,11,2,0,0,22,organic,saas,False,0
18,220.22,10,2,0,0,19,referral,saas,False,0
363,1017.7,11,2,2,1,20,organic,finance,False,1
20,259.89,12,2,1,0,25,social,services,True,0
45,199.66,11,7,1,0,13,organic,services,False,0
24,273.06,9,6,0,3,81,outbound,finance,False,0
24,445.42,13,7,1,3,95,social,saas,False,0
38,447.12,19,2,2,1,50,organic,services,True,0
91,399.43,11,3,0,0,31,organic,ecommerce,True,0
153,176.17,13,3,2,0,5,paid_search,ecommerce,True,1
40,1067.59,15,2,0,1,24,organic,finance,False,1
24,1856.08,15,5,1,1,5,organic,saas,False,0
80,72.94,13,2,0,1,133,outbound,services,False,0
82,104.22,17,7,0,1,14,referral,services,True,0
66,1343.26,9,7,0,1,10,organic,finance,False,0
68,2367.99,12,5,1,3,10,referral,finance,False,1
50,58.61,11,6,1,2,36,paid_search,ecommerce,True,0
59,1113.69,14,6,0,3,21,outbound,saas,False,0
47,2534.83,9,6,0,0,11,organic,finance,False,0
129,208.01,6,8,0,0,9,social,healthcare,True,0
325,2391.48,9,4,0,1,5,social,services,True,1
63,412.4,19,3,0,1,51,organic,saas,True,0
54,674.95,14,5,2,0,79,organic,ecommerce,False,1
67,240.03,13,4,0,2,6,paid_search,ecommerce,False,0
32,1340.81,10,5,0,0,18,outbound,finance,True,0
101,1135.07,12,4,2,1,3,referral,finance,False,0
78,2764.76,16,3,0,0,7,social,services,False,0
39,2081.01,12,7,0,1,5,social,ecommerce,True,0
112,488.26,13,3,2,3,42,outbound,healthcare,False,0
55,11030.05,15,7,1,2,9,referral,saas,False,1
25,1902.25,11,3,0,0,30,referral,ecommerce,False,0
72,846.0,16,4,1,2,32,social,ecommerce,False,0
66,181.79,14,3,0,1,19,paid_search,healthcare,False,0
118,106.69,9,7,0,0,2,outbound,healthcare,False,0
106,116.16,14,5,0,0,14,organic,ecommerce,True,0
50,193.7,14,5,0,0,10,organic,healthcare,False,1
37,1953.35,10,6,2,1,6,outbound,services,False,1
55,801.98,5,1,1,0,27,paid_search,saas,True,0
73,266.83,13,3,0,0,41,organic,ecommerce,False,0
80,430.15,17,4,0,3,32,organic,finance,True,0
69,380.79,16,8,0,2,14,referral,finance,False,0
51,1096.69,10,5,0,1,14,outbound,services,False,0
121,204.63,13,1,1,0,8,organic,saas,False,0
32,699.02,9,4,0,2,7,organic,healthcare,False,0
397,665.2,8,5,1,1,17,paid_search,services,False,0
101,210.85,10,2,2,5,29,outbound,ecommerce,True,1
22,2411.5,11,3,0,1,17,paid_search,ecommerce,False,1
63,366.66,11,4,0,1,38,outbound,services,True,0
101,182.59,13,7,0,1,1,outbound,saas,False,0
41,1156.18,9,7,2,3,9,paid_search,finance,False,1
17,520.35,19,6,1,1,62,outbound,services,True,0
24,741.32,13,3,1,0,17,social,saas,False,0
84,150.7,9,8,0,1,7,referral,finance,False,0
13,1110.33,9,3,0,3,1,paid_search,ecommerce,False,0
17,4326.13,11,3,0,2,36,outbound,services,True,0
84,139.37,13,2,0,1,1,social,services,False,0
46,702.19,12,3,0,3,9,social,services,False,0
31,224.68,14,3,1,1,10,outbound,saas,True,1
37,7256.16,14,2,1,3,34,referral,finance,False,1
17,1702.12,14,5,0,1,31,outbound,services,True,0
80,653.35,16,5,0,0,8,outbound,healthcare,False,0
29,144.33,12,0,0,1,56,organic,healthcare,False,0
36,183.82,17,2,0,1,6,organic,saas,False,0
72,1039.27,12,3,0,1,26,paid_search,services,False,0
44,126.15,15,4,2,1,31,outbound,saas,True,1
31,130.18,13,1,0,1,55,paid_search,ecommerce,True,0
11,497.12,10,11,4,1,10,social,services,False,1
73,563.08,12,2,1,1,24,organic,services,False,1
58,720.56,13,3,2,0,14,paid_search,services,False,0
36,317.5,15,3,0,0,4,referral,healthcare,False,1
24,1236.63,15,6,0,3,2,organic,saas,False,1
55,208.13,19,7,1,4,22,outbound,healthcare,True,1
80,922.09,10,3,0,2,8,organic,saas,True,1
59,610.4,22,2,0,1,1,outbound,services,False,0
202,898.43,11,4,2,1,44,organic,healthcare,True,1
96,1606.8,10,3,1,0,18,outbound,ecommerce,True,0
50,312.52,7,8,0,1,34,referral,saas,False,0
99,254.4,6,5,0,1,18,organic,ecommerce,False,0
57,91.07,13,5,2,1,41,organic,services,False,0
57,65.43,11,3,1,1,16,organic,finance,False,0
154,413.24,13,1,3,2,30,referral,saas,False,1
27,442.52,6,2,1,2,4,outbound,saas,False,1
56,166.32,11,4,0,1,3,paid_search,ecommerce,False,0
141,206.21,13,6,1,1,3,paid_search,saas,True,0
70,2260.75,13,2,0,0,40,referral,services,False,0
41,1183.04,11,6,0,1,42,referral,finance,False,1
14,139.55,10,3,0,2,11,social,saas,False,0
9,316.6,17,5,0,0,1,referral,finance,False,0
287,739.52,14,4,0,0,34,social,ecommerce,True,0
70,263.37,11,4,3,2,20,outbound,saas,False,1
34,219.49,21,3,1,0,28,paid_search,healthcare,False,0
72,351.34,12,3,0,2,57,organic,saas,True,0
26,1466.54,9,4,0,0,23,organic,ecommerce,False,0
42,1605.84,9,3,1,0,6,referral,services,True,1
26,236.17,12,8,0,0,20,paid_search,services,False,0
18,780.98,12,3,0,1,33,outbound,ecommerce,False,0
10,489.6,11,3,0,0,29,referral,healthcare,False,0
15,179.79,16,8,1,1,63,referral,saas,False,0
124,366.11,9,3,1,1,8,social,healthcare,False,0
25,139.18,13,7,0,2,5,paid_search,ecommerce,False,0
84,1576.65,10,1,0,0,13,outbound,healthcare,True,0
117,2327.32,11,6,3,3,4,organic,saas,False,1
55,326.83,12,7,0,0,10,referral,services,True,0
43,257.47,13,3,1,2,22,outbound,services,False,0
61,1414.59,17,3,0,2,4,social,ecommerce,False,0
39,1662.62,16,2,0,0,19,outbound,finance,False,0
143,161.68,11,3,1,1,45,paid_search,saas,False,0
245,424.94,13,7,0,2,19,outbound,finance,False,0
174,464.55,11,1,1,2,7,referral,ecommerce,False,1
10,227.97,5,7,0,2,19,referral,saas,True,1
38,724.86,18,2,0,2,5,organic,finance,False,1
55,244.71,8,3,1,2,30,organic,ecommerce,False,1
79,287.07,13,2,1,3,47,referral,healthcare,True,0
14,445.26,5,1,0,2,19,organic,healthcare,False,0
14,111.16,9,6,1,2,2,social,saas,False,1
155,63.03,7,2,1,2,33,outbound,saas,True,0
35,1234.32,16,6,1,1,48,outbound,healthcare,False,0
17,235.02,12,5,0,1,26,organic,healthcare,False,1
23,4166.64,14,6,0,0,7,outbound,saas,False,0
75,3539.84,13,2,0,1,118,organic,ecommerce,False,0
28,296.94,12,5,1,1,1,referral,healthcare,False,0
66,5110.5,13,2,1,1,21,outbound,finance,False,0
25,1258.37,5,3,0,1,70,organic,services,False,0
14,258.45,12,6,0,1,15,organic,ecommerce,False,0
171,37.27,13,3,1,1,5,organic,healthcare,False,0
75,980.59,14,5,0,1,12,referral,healthcare,False,0
42,508.41,21,1,0,2,2,outbound,ecommerce,False,0
36,758.51,8,2,0,0,23,organic,saas,False,0
176,391.96,10,3,0,1,17,organic,saas,True,0
88,156.98,11,4,0,2,16,referral,services,False,0
137,321.49,16,5,1,2,3,organic,saas,False,1
34,998.88,13,2,1,0,12,social,healthcare,False,0
57,345.72,10,3,1,1,0,outbound,healthcare,True,0
75,343.64,15,3,0,2,14,social,ecommerce,False,0
35,107.84,10,4,3,1,40,outbound,services,True,1
51,539.8,5,6,1,1,8,referral,finance,False,1
34,162.08,12,1,0,2,9,outbound,saas,False,0
75,1234.63,13,6,1,0,21,organic,finance,False,0
19,236.49,10,2,0,0,36,organic,healthcare,False,0
86,366.61,9,2,2,2,50,social,ecommerce,True,1
70,4289.75,8,5,0,2,2,organic,finance,True,0
46,362.65,4,4,0,1,1,outbound,finance,False,0
78,317.17,10,4,2,3,2,social,ecommerce,False,0
41,885.03,14,3,0,1,2,outbound,services,False,0
32,82.66,14,3,0,0,21,paid_search,healthcare,True,0
84,1721.26,6,3,0,1,9,referral,healthcare,True,1
87,1331.34,10,5,0,0,87,social,saas,True,0
36,832.52,12,3,1,1,3,organic,ecommerce,False,0
34,25.0,7,6,0,1,4,referral,ecommerce,False,0
47,380.16,16,2,1,1,14,social,healthcare,True,0
35,137.98,12,4,1,0,16,outbound,healthcare,False,0
185,1516.42,12,3,0,0,24,social,finance,False,1
70,1411.72,14,0,0,0,10,organic,ecommerce,False,0
55,726.33,9,3,0,0,94,referral,finance,True,0
26,147.95,13,4,2,1,32,referral,services,False,0
99,2195.78,16,3,0,1,3,organic,finance,True,0
33,379.08,4,4,0,0,27,paid_search,finance,False,0
32,2997.01,9,5,0,1,10,paid_search,services,False,0
101,642.51,10,1,0,1,9,organic,saas,True,0
74,817.96,14,3,0,0,3,referral,finance,False,0
7,310.97,8,1,2,0,3,organic,services,False,0
48,2012.14,10,4,0,1,39,referral,healthcare,False,0
60,905.45,10,3,0,2,30,organic,saas,False,0
42,2085.77,7,3,0,1,6,social,services,False,0
62,588.48,10,4,1,0,6,organic,saas,False,0
13,470.11,14,6,0,1,23,outbound,ecommerce,False,0
6,893.49,10,7,1,2,32,organic,saas,True,1
25,2085.03,12,4,1,4,8,referral,ecommerce,True,1
68,1362.03,20,4,1,1,50,paid_search,ecommerce,False,0
4,565.79,8,2,1,2,28,organic,healthcare,False,0
28,76.92,9,6,0,3,16,referral,services,False,0
12,1108.08,9,4,1,2,5,outbound,healthcare,False,1
45,116.9,10,5,0,1,4,outbound,healthcare,False,0
261,510.3,11,3,1,0,23,paid_search,services,False,0
46,438.88,12,3,0,0,10,organic,services,True,0
50,119.37,6,5,0,1,5,social,saas,False,0
107,715.16,10,7,3,2,26,referral,saas,False,1
56,4248.49,16,7,0,1,180,organic,healthcare,True,0
46,360.46,8,5,1,0,10,social,services,False,0
115,1059.85,13,2,1,0,4,referral,healthcare,True,1
80,5196.24,14,7,0,1,4,social,saas,True,0
69,1167.49,22,4,0,2,6,paid_search,finance,False,1
49,258.57,12,3,0,3,6,paid_search,finance,False,0
41,624.54,9,3,1,1,38,organic,healthcare,False,0
114,796.94,11,6,0,1,13,social,services,False,0
42,2066.92,9,6,2,1,14,organic,finance,False,0
146,1659.13,11,0,0,1,16,social,finance,False,0
24,30.88,13,5,1,0,12,social,finance,False,0
172,209.31,18,3,0,2,16,social,finance,True,0
80,459.42,9,5,0,0,25,organic,healthcare,True,1
25,178.52,10,5,1,0,12,paid_search,ecommerce,True,0
82,25.0,14,3,0,0,2,paid_search,finance,False,0
32,238.5,10,2,2,1,23,referral,healthcare,False,1
56,490.97,17,6,0,1,27,outbound,healthcare,False,0
37,291.41,13,4,0,0,63,paid_search,saas,False,0
49,181.83,12,3,1,3,16,outbound,finance,True,1
116,513.61,5,7,0,0,6,organic,healthcare,False,0
83,694.43,13,3,0,0,50,paid_search,ecommerce,False,0
22,308.4,9,6,0,1,45,organic,ecommerce,True,0
23,1942.52,11,4,2,0,19,social,saas,False,1
68,522.02,16,3,1,2,14,organic,services,True,1
72,206.13,14,5,1,1,37,paid_search,services,False,0
32,160.05,13,6,1,1,2,social,healthcare,True,1
195,398.23,14,4,0,1,5,referral,ecommerce,True,0
105,1500.3,9,1,1,0,40,organic,finance,True,0
33,216.22,14,10,1,0,4,organic,healthcare,True,1
31,894.16,10,1,1,2,30,referral,services,False,1
46,541.62,16,5,1,2,18,paid_search,saas,True,0
42,3616.4,12,4,0,1,135,organic,saas,False,0
149,727.96,19,3,0,0,46,referral,healthcare,False,0
120,245.13,9,1,0,0,13,organic,saas,False,0
56,1029.03,14,5,1,3,1,referral,healthcare,False,1
94,1064.25,6,7,0,1,1,paid_search,finance,False,0
105,331.29,16,2,1,1,5,organic,saas,False,0
57,153.85,12,4,0,0,25,organic,ecommerce,False,0
75,842.21,12,5,1,0,1,organic,finance,False,1
88,525.06,12,5,0,2,18,organic,services,False,0
81,108.14,6,7,0,0,94,paid_search,healthcare,False,0
29,635.57,20,3,2,1,20,outbound,saas,False,0
32,260.61,12,4,1,3,58,outbound,healthcare,False,0
43,108.25,12,5,0,2,2,paid_search,ecommerce,False,0
31,346.5,10,2,3,1,51,referral,finance,False,0
17,1777.42,11,8,1,5,16,referral,healthcare,False,1
94,1649.23,16,8,0,2,34,outbound,ecommerce,False,0
72,1269.97,13,3,1,1,4,organic,finance,False,1
19,644.99,10,8,1,1,19,paid_search,healthcare,False,0
45,894.08,11,5,1,0,17,paid_search,saas,True,0
47,543.83,7,4,0,2,10,organic,healthcare,True,0
63,163.2,13,2,0,1,32,paid_search,services,False,0
23,199.24,6,3,0,1,11,outbound,finance,False,1
18,268.49,6,8,0,2,7,outbound,ecommerce,False,0
83,2000.91,11,4,1,0,57,organic,finance,False,1
16,1446.19,5,4,2,1,7,paid_search,ecommerce,False,1
45,167.36,9,2,1,3,34,paid_search,healthcare,False,0
42,519.77,13,5,0,1,55,referral,healthcare,True,0
49,329.44,12,4,0,2,58,referral,saas,True,0
67,421.96,9,5,0,2,20,organic,ecommerce,False,1
196,288.29,8,1,1,0,14,outbound,services,False,0
15,2009.6,15,4,0,0,2,outbound,ecommerce,True,1
110,483.52,14,5,0,0,4,social,services,True,0
7,611.65,14,6,2,0,18,social,finance,False,0
166,616.62,9,4,2,1,54,referral,healthcare,True,1
11,176.31,11,2,0,0,25,paid_search,saas,False,0
383,549.25,10,3,0,2,9,organic,saas,False,0
40,1425.56,9,6,0,1,0,referral,saas,True,1
153,2148.86,11,5,0,2,25,organic,healthcare,False,0
130,156.36,15,6,0,2,72,outbound,services,False,0
39,107.92,10,4,0,2,7,paid_search,services,False,0
41,524.34,15,5,0,0,0,paid_search,saas,False,0
28,1493.96,13,2,0,0,24,paid_search,ecommerce,False,0
103,705.99,9,3,2,1,31,outbound,saas,False,0
39,972.91,7,5,0,0,9,organic,services,False,0
28,126.44,16,6,0,0,15,organic,saas,False,0
84,278.11,11,5,0,0,14,organic,saas,True,1
27,54.81,13,4,0,1,6,social,healthcare,True,1
42,427.31,20,7,1,1,42,outbound,healthcare,False,0
59,56.59,13,4,0,2,9,organic,saas,False,0
33,1868.07,13,3,1,1,21,outbound,finance,False,0
37,2332.79,8,6,0,1,5,paid_search,saas,True,1
186,567.16,12,4,0,2,4,referral,saas,True,1
46,108.57,14,6,2,1,56,organic,saas,False,0
41,717.46,10,1,0,0,38,referral,ecommerce,False,0
47,3162.55,6,2,0,0,30,social,services,False,0
79,792.93,12,7,1,2,12,referral,healthcare,False,0
24,1611.6,12,3,1,1,18,organic,finance,False,0
77,303.33,8,1,0,1,66,outbound,ecommerce,False,0
67,206.19,6,6,0,0,99,outbound,finance,False,0
13,459.04,9,2,0,0,3,paid_search,services,False,0
229,71.76,10,1,0,1,18,referral,ecommerce,False,0
176,4741.4,11,3,0,0,6,social,services,True,0
29,566.6,17,5,1,0,19,organic,healthcare,False,0
22,1172.36,14,6,1,2,32,outbound,finance,True,1
66,310.6,15,4,0,4,45,paid_search,ecommerce,False,0
17,105.31,14,6,1,0,4,social,healthcare,False,0
163,2050.45,8,1,2,1,40,organic,healthcare,True,1
38,160.12,11,2,0,0,39,paid_search,services,False,0
200,698.43,12,2,0,0,11,referral,services,False,0
28,767.46,10,3,0,0,33,referral,ecommerce,True,1
50,530.57,7,4,0,1,16,outbound,services,False,0
150,224.85,14,3,2,2,4,outbound,services,False,0
42,424.27,17,4,0,3,25,organic,healthcare,True,0
68,190.56,14,5,0,1,6,paid_search,saas,False,0
131,1106.74,9,9,0,0,37,paid_search,saas,False,0
35,872.66,10,0,1,2,8,referral,saas,True,1
20,482.32,8,6,0,1,124,referral,saas,True,0
17,279.12,13,6,2,1,12,outbound,services,False,0
87,4053.43,13,6,1,0,47,social,saas,False,0
75,134.01,8,7,1,0,31,organic,finance,True,1
128,105.15,8,5,0,0,35,paid_search,healthcare,False,0
44,453.95,9,4,1,1,0,referral,healthcare,True,0
17,380.68,19,6,1,1,5,paid_search,saas,True,1
8,1476.73,11,3,0,1,17,organic,healthcare,False,0
542,940.22,9,3,0,3,25,paid_search,healthcare,False,0
83,507.51,9,1,1,0,78,paid_search,healthcare,False,0
61,812.68,5,3,1,2,20,organic,saas,True,0
68,798.05,10,7,0,1,26,social,finance,True,1
17,4038.21,13,6,0,0,6,paid_search,saas,False,0
29,634.83,12,1,0,1,13,referral,healthcare,True,1
220,249.37,16,7,0,0,27,referral,ecommerce,False,0
92,600.94,6,2,1,1,40,outbound,ecommerce,False,0
30,35.92,8,4,0,0,8,organic,services,True,1
20,476.92,20,4,0,0,32,organic,saas,False,1
36,1469.95,9,1,2,2,3,paid_search,services,True,1
42,899.81,12,4,0,4,37,paid_search,services,False,0
281,664.18,13,4,0,1,84,paid_search,ecommerce,False,0
47,943.16,14,4,0,0,97,social,ecommerce,False,0
21,1485.13,11,6,1,3,23,organic,saas,False,0
52,2049.26,15,3,1,0,12,organic,services,False,0
67,770.82,9,2,0,0,25,paid_search,healthcare,True,0
20,359.2,11,5,2,1,8,social,saas,False,0
75,48.74,12,3,2,2,47,outbound,healthcare,False,0
144,1310.51,15,3,1,0,4,social,saas,False,0
61,824.85,12,3,2,3,27,referral,healthcare,True,1
29,574.02,11,4,0,2,28,social,healthcare,False,0
36,247.63,15,3,1,0,24,social,saas,False,1
14,1293.56,7,5,0,0,14,organic,services,False,0
49,380.99,14,4,0,1,0,referral,ecommerce,True,0
70,476.08,18,8,0,4,13,social,healthcare,False,0
27,465.92,20,3,0,2,17,paid_search,healthcare,False,0
258,772.67,11,5,0,0,31,social,services,False,0
103,156.24,9,2,0,0,23,referral,healthcare,False,0
13,864.85,7,2,0,2,2,referral,services,False,0
13,239.63,8,5,1,1,66,organic,ecommerce,False,0
25,248.19,12,1,3,1,75,social,services,False,0
192,1194.21,15,2,2,0,42,outbound,saas,False,0
111,182.18,8,6,1,1,31,organic,finance,False,0
200,1192.07,13,3,1,1,2,paid_search,saas,False,0
55,545.32,6,3,0,0,1,organic,services,True,1
46,94.8,8,6,1,3,27,organic,services,False,0
20,1928.46,13,4,1,1,28,outbound,ecommerce,False,0
72,672.0,12,2,1,7,20,referral,healthcare,False,0
47,730.79,8,2,0,0,1,paid_search,healthcare,False,0
45,1349.17,6,3,0,1,13,paid_search,ecommerce,True,1
199,2206.63,10,8,0,2,19,outbound,finance,False,0
49,602.46,13,6,1,0,5,paid_search,finance,False,0
158,913.5,15,2,0,0,6,social,healthcare,False,0
15,714.22,11,4,0,0,23,paid_search,saas,False,0
469,349.72,15,2,0,2,3,organic,services,False,0
41,101.15,16,2,0,0,16,social,saas,False,0
96,610.89,12,4,3,0,21,organic,healthcare,False,0
109,1956.55,15,3,1,1,12,social,saas,False,0
37,883.01,13,7,0,0,45,paid_search,saas,False,0
105,169.45,14,2,2,2,74,social,saas,True,0
110,1476.64,6,4,0,1,3,social,ecommerce,False,0
31,361.6,22,3,0,0,0,social,healthcare,True,0
31,60.82,17,6,0,1,0,organic,healthcare,False,0
57,1363.63,11,3,1,0,16,social,finance,False,0
50,191.45,13,4,0,1,35,outbound,finance,False,0
166,2924.06,10,3,0,1,1,organic,saas,False,0
96,1552.74,14,5,1,2,13,paid_search,saas,False,1
52,392.37,12,3,0,0,8,outbound,healthcare,False,0
89,780.05,10,5,0,2,20,organic,finance,False,1
11,5563.14,9,3,0,0,25,social,healthcare,True,0
33,1339.44,10,3,1,1,20,social,saas,False,0
69,625.28,14,5,1,1,27,organic,services,True,1
133,8858.69,12,12,2,1,60,referral,saas,True,0
64,554.23,13,3,0,1,13,referral,healthcare,False,1
175,881.67,9,5,0,1,7,paid_search,saas,False,0
109,193.21,15,3,0,1,55,outbound,finance,False,0
37,92.32,16,2,0,0,120,organic,ecommerce,False,0
49,369.52,13,3,0,2,25,paid_search,finance,False,1
76,512.04,11,7,1,1,21,outbound,saas,False,0
38,684.89,8,3,0,0,19,organic,healthcare,False,0
186,119.13,13,4,1,1,43,outbound,saas,False,0
22,954.01,8,5,0,1,51,organic,finance,False,0
70,214.78,8,4,0,1,11,referral,saas,True,0
98,905.72,12,4,0,0,16,organic,saas,True,1
42,1255.04,14,6,1,1,5,social,finance,False,0
35,331.79,15,3,0,2,61,social,saas,False,0
51,187.95,14,5,1,2,15,outbound,saas,False,1
105,2306.88,11,2,0,1,2,outbound,services,False,0
37,1179.58,8,6,1,0,17,social,services,False,0
23,573.63,15,2,1,1,15,social,services,False,0
137,2139.71,7,4,1,0,9,referral,ecommerce,False,0
75,535.53,7,2,1,4,1,outbound,healthcare,False,0
122,264.94,12,5,0,4,25,referral,finance,False,0
100,180.96,12,2,2,1,32,outbound,saas,True,1
312,442.39,6,2,2,1,11,organic,finance,False,1
133,1066.06,7,3,0,1,35,referral,saas,False,0
31,1977.84,12,3,1,1,37,social,services,False,0
80,504.47,9,3,0,0,31,organic,healthcare,True,0
35,1657.6,9,1,1,0,84,organic,healthcare,True,1
38,397.71,14,6,1,3,1,outbound,healthcare,False,1
18,225.52,9,1,1,1,21,paid_search,saas,False,0
43,133.44,12,8,3,2,33,organic,ecommerce,True,1
84,297.01,14,6,0,2,61,paid_search,finance,False,0
52,138.57,8,6,0,0,23,paid_search,healthcare,False,0
23,3675.75,13,3,0,4,11,referral,healthcare,False,0
16,764.56,4,6,0,2,26,outbound,saas,True,0
296,447.82,18,1,0,2,13,outbound,finance,False,0
71,2757.28,14,3,2,3,6,social,ecommerce,False,0
28,133.99,12,1,1,0,36,social,saas,False,0
79,429.6,12,2,2,0,11,paid_search,services,False,0
315,3639.76,12,3,1,2,11,outbound,healthcare,False,1
90,426.65,10,3,1,1,18,organic,healthcare,True,0
6,5691.98,6,3,1,2,47,organic,services,False,1
456,1080.96,12,2,1,0,19,outbound,ecommerce,True,0
12,1818.79,7,4,1,0,86,outbound,services,False,0
46,1872.25,12,3,1,2,23,paid_search,finance,True,1
22,493.54,13,3,0,0,17,social,healthcare,True,1
30,302.41,7,4,1,2,44,paid_search,saas,False,0
69,439.03,11,4,2,2,31,paid_search,saas,False,0
10,183.66,17,2,1,1,15,paid_search,ecommerce,False,0
51,461.29,7,2,1,0,28,organic,saas,False,0
137,490.58,12,10,0,2,9,referral,saas,False,1
28,2668.4,9,2,2,3,54,paid_search,healthcare,False,1
18,891.83,9,4,0,2,14,referral,finance,True,0
49,5232.36,13,4,0,0,35,organic,saas,True,0
42,56.85,14,5,0,2,34,outbound,finance,True,0
34,145.91,8,4,0,1,13,referral,services,False,1
21,345.38,14,2,2,1,10,outbound,finance,False,0
83,2191.84,13,4,0,3,12,organic,finance,False,1
88,441.61,16,2,1,0,42,referral,finance,True,0
23,113.54,12,3,0,1,6,outbound,saas,False,0
26,385.63,8,4,0,0,47,paid_search,ecommerce,False,0
61,148.77,16,5,0,2,122,organic,services,False,0
25,122.29,16,2,0,2,7,paid_search,finance,False,0
63,3636.68,8,4,0,1,7,paid_search,finance,False,0
177,346.68,8,5,1,0,7,paid_search,services,False,0
52,585.9,10,1,0,0,1,paid_search,saas,False,0
21,449.01,16,1,1,0,9,paid_search,ecommerce,False,0
75,383.18,15,5,1,2,2,referral,healthcare,False,0
47,212.58,10,5,0,2,22,organic,saas,True,0
48,361.18,10,4,0,1,15,paid_search,healthcare,False,0
80,690.38,7,3,1,0,9,social,services,False,0
95,2035.78,15,4,1,1,15,organic,healthcare,False,0
56,1270.84,8,2,1,1,10,organic,ecommerce,False,0
52,145.61,9,3,1,1,8,organic,finance,False,0
285,1324.16,12,3,0,1,0,organic,saas,False,0
143,792.69,11,1,1,0,62,referral,services,False,0
106,263.82,10,4,1,1,40,organic,saas,True,0
61,591.17,11,5,2,0,15,paid_search,services,False,1
24,873.31,16,6,0,2,52,outbound,healthcare,False,0
135,516.49,17,10,1,3,1,outbound,ecommerce,False,0
61,796.51,14,5,2,1,17,organic,healthcare,False,1
34,207.9,17,4,0,0,59,paid_search,saas,False,0
45,3614.95,10,6,1,0,8,paid_search,ecommerce,True,1
25,71.57,21,5,1,1,2,outbound,services,False,0
127,878.18,11,1,1,0,31,outbound,services,False,1
94,711.06,20,4,0,1,13,organic,saas,True,1
63,937.24,15,2,0,2,22,organic,finance,True,0
53,242.65,10,4,2,1,35,paid_search,services,False,0
32,1586.36,10,6,1,1,2,outbound,services,False,1
10,442.31,15,3,1,0,63,outbound,ecommerce,False,0
18,150.47,6,4,2,2,63,organic,saas,False,0
30,164.88,14,4,0,1,1,referral,services,False,0
27,558.19,13,5,0,1,31,organic,ecommerce,False,0
69,99.83,17,4,0,3,22,social,ecommerce,False,1
105,2982.47,8,3,0,0,16,outbound,finance,False,0
49,1406.59,3,7,2,0,58,paid_search,ecommerce,False,0
169,3062.06,5,6,1,2,30,organic,services,False,1
29,2755.69,13,3,1,1,20,referral,saas,True,0
49,346.57,11,2,0,1,4,paid_search,finance,True,0
52,206.58,15,2,2,0,22,outbound,services,False,0
131,33.86,12,2,0,2,27,paid_search,services,False,0
59,328.25,12,13,1,3,22,outbound,services,False,0
61,2880.31,11,2,0,0,23,paid_search,services,False,0
15,215.33,15,4,0,1,47,organic,ecommerce,False,0
27,399.45,14,5,1,0,3,paid_search,services,False,0
131,283.0,6,5,0,1,0,organic,services,True,1
10,716.94,16,5,1,3,3,paid_search,healthcare,False,0
160,1783.06,9,4,0,3,3,social,ecommerce,False,0
81,105.72,7,3,1,2,3,organic,saas,False,1
30,128.02,15,5,1,2,12,organic,healthcare,False,0
28,2179.0,12,5,1,3,64,organic,finance,False,1
249,1025.63,8,6,0,1,76,organic,ecommerce,True,0
169,380.17,16,3,0,1,1,outbound,ecommerce,False,0
50,2716.45,15,5,0,0,4,outbound,healthcare,True,1
61,125.83,12,5,0,3,126,organic,saas,True,1
33,1250.39,15,2,0,0,12,social,services,True,0
61,460.25,13,2,0,1,26,social,ecommerce,True,0
32,903.74,9,7,0,0,24,outbound,saas,False,0
51,45.28,9,5,1,0,63,paid_search,saas,False,0
232,379.67,17,6,0,2,6,paid_search,services,False,0
51,1029.47,6,2,2,1,88,paid_search,services,True,0
24,462.51,5,7,0,2,44,outbound,saas,False,0
18,1729.0,13,3,0,1,3,social,saas,False,0
60,1672.05,10,4,2,2,4,referral,ecommerce,False,1
30,188.94,17,2,0,2,24,organic,saas,False,0
67,1123.26,14,8,0,1,0,social,finance,False,0
15,182.61,9,2,1,1,26,outbound,saas,False,0
95,520.1,13,5,0,2,31,paid_search,healthcare,True,1
23,949.68,12,2,0,1,13,social,ecommerce,False,0
57,213.73,10,4,1,0,9,paid_search,ecommerce,False,0
42,1082.39,11,2,0,1,20,referral,ecommerce,True,0
216,297.27,10,9,0,0,62,referral,saas,False,1
63,275.7,8,3,0,1,2,social,saas,False,0
259,998.9,17,4,1,0,54,outbound,saas,True,0
86,213.58,19,2,1,0,29,paid_search,saas,False,0
171,202.99,14,0,1,1,28,paid_search,services,False,0
46,1395.71,8,4,0,1,50,paid_search,ecommerce,True,0
72,549.25,11,4,0,0,21,organic,ecommerce,False,0
145,115.11,8,3,0,0,3,paid_search,saas,False,1
113,1159.38,8,4,2,0,4,organic,finance,False,0
83,328.13,8,4,0,1,32,paid_search,services,False,0
42,121.14,14,4,0,1,37,organic,finance,False,0
48,40.15,8,2,0,5,0,paid_search,healthcare,True,0
136,1216.11,13,7,0,2,3,social,services,False,0
160,208.53,11,6,0,0,25,organic,ecommerce,False,0
34,142.05,14,6,2,2,32,referral,services,False,0
30,933.93,10,5,0,1,25,outbound,finance,False,0
26,1103.0,12,5,1,1,48,referral,saas,False,0
106,224.28,14,6,0,3,20,organic,healthcare,False,0
26,1227.38,12,9,0,1,78,paid_search,ecommerce,True,0
105,3846.4,13,5,0,0,28,referral,saas,True,1
84,1894.41,6,3,0,0,12,referral,services,False,0
35,1621.42,10,1,0,4,21,organic,saas,False,0
191,674.61,11,7,0,0,35,paid_search,finance,True,0
17,316.17,14,5,1,0,10,referral,services,False,0
206,465.97,11,4,1,3,53,paid_search,healthcare,True,1
70,765.66,11,3,0,1,26,referral,ecommerce,False,1
10,140.12,20,1,0,0,4,organic,healthcare,False,1
195,228.29,16,4,1,3,16,paid_search,services,False,0
119,118.18,15,2,0,0,5,outbound,saas,False,0
39,623.4,9,7,1,3,17,paid_search,ecommerce,False,0
25,535.42,16,4,0,1,50,referral,healthcare,False,0
16,256.54,15,5,0,4,22,paid_search,services,False,1
377,1119.35,11,8,0,2,31,paid_search,ecommerce,True,0
26,173.37,14,2,1,0,18,outbound,ecommerce,False,0
20,247.19,11,3,0,0,81,paid_search,services,False,0
68,1075.48,10,8,1,2,19,organic,saas,False,0
15,1247.4,16,5,1,1,15,outbound,saas,False,0
25,222.35,14,3,0,1,14,social,healthcare,False,0
121,621.44,13,4,1,0,12,social,saas,True,0
79,226.15,19,4,0,0,73,organic,saas,False,0
40,404.5,14,4,1,0,97,organic,healthcare,True,0
55,568.98,14,5,0,0,2,referral,finance,True,0
38,862.96,7,8,1,1,0,organic,healthcare,False,1
52,676.92,8,4,0,2,27,organic,ecommerce,False,0
30,647.53,12,3,1,1,55,social,healthcare,True,1
34,167.59,7,2,0,2,37,paid_search,healthcare,True,0
33,726.53,9,6,0,1,5,organic,services,False,0
31,854.97,8,4,0,2,22,organic,finance,False,0
126,981.36,15,4,2,0,70,paid_search,finance,False,0
101,239.96,8,2,0,1,6,referral,services,False,1
26,1231.0,15,1,1,1,4,outbound,services,False,0
21,132.0,15,4,1,2,14,organic,saas,False,1
48,320.28,11,1,0,2,13,organic,services,False,0
306,374.08,13,6,0,0,59,referral,services,False,0
24,139.43,13,6,1,2,19,paid_search,ecommerce,False,0
48,368.44,8,4,0,3,39,referral,saas,True,0
59,614.91,18,5,0,1,34,outbound,healthcare,False,0
50,79.38,8,5,2,1,1,referral,ecommerce,False,0
38,332.06,8,8,0,1,18,paid_search,finance,False,0
138,85.76,14,6,0,1,21,outbound,healthcare,False,0
79,3795.38,10,2,1,2,31,organic,saas,True,1
107,609.41,14,5,1,3,11,outbound,saas,False,0
87,558.82,9,6,1,0,31,referral,services,False,1
112,621.46,9,8,0,3,30,referral,saas,True,1
194,901.92,11,6,0,1,11,outbound,finance,False,1
158,1310.49,16,4,0,3,3,referral,ecommerce,False,1
351,103.18,12,3,0,1,8,paid_search,ecommerce,True,1
145,1826.54,12,4,0,1,8,paid_search,healthcare,False,0
32,1712.7,15,2,1,2,5,social,ecommerce,False,0
108,461.12,13,4,0,0,53,referral,finance,False,0
96,437.59,11,5,0,1,25,organic,finance,False,0
254,25.0,11,2,0,0,18,social,saas,False,0
25,142.03,12,3,0,2,51,referral,ecommerce,False,0
85,827.86,9,1,1,2,12,paid_search,finance,False,1
32,1636.99,13,1,1,2,32,organic,finance,True,0
82,1021.31,8,5,0,0,15,paid_search,healthcare,False,0
46,456.82,11,4,1,1,7,organic,finance,False,0
80,3380.82,10,6,1,0,41,organic,saas,False,0
18,1346.38,9,6,0,1,0,paid_search,saas,True,0
103,332.34,20,3,0,1,5,organic,finance,False,0
64,4368.22,11,4,0,1,4,paid_search,finance,False,0
62,164.65,14,4,1,1,30,social,services,True,1
260,113.09,13,4,2,0,11,paid_search,saas,False,1
40,323.4,15,5,1,0,37,outbound,healthcare,False,0
72,230.76,13,5,0,1,47,outbound,finance,True,1
59,342.09,13,3,1,3,7,referral,saas,False,0
64,1094.54,10,3,0,0,2,outbound,healthcare,False,0
323,476.29,7,4,0,3,35,outbound,healthcare,False,1
57,488.68,11,5,1,2,11,paid_search,saas,False,0
35,522.6,15,3,2,0,44,social,ecommerce,False,0
244,48.8,15,6,1,2,0,organic,saas,False,1
43,108.28,14,6,0,1,19,social,services,True,0
15,335.19,15,3,1,3,41,referral,saas,False,1
30,212.1,10,0,3,1,7,organic,saas,False,1
20,390.81,11,8,0,2,65,paid_search,saas,True,0
13,2006.46,9,2,1,0,11,outbound,saas,False,0
41,457.4,9,1,1,0,5,paid_search,saas,False,1
52,131.35,11,7,0,2,22,organic,healthcare,False,0
140,222.94,10,7,1,0,33,organic,saas,False,1
90,2725.96,9,2,0,2,8,referral,ecommerce,False,0
87,2281.28,13,1,1,3,93,outbound,saas,False,0
27,894.15,12,2,0,1,20,social,ecommerce,True,0
111,103.29,9,9,1,0,36,paid_search,saas,False,0
166,669.68,14,1,1,2,37,organic,healthcare,False,0
75,723.21,11,4,0,2,27,organic,finance,True,1
77,505.5,11,3,1,2,18,paid_search,finance,False,1
20,278.66,9,3,1,3,16,outbound,saas,False,0
127,342.88,12,10,1,0,1,social,services,False,1
227,259.9,14,2,1,0,4,paid_search,finance,False,0
71,156.79,15,4,0,1,45,referral,saas,False,0
34,1931.38,10,2,0,1,24,paid_search,ecommerce,False,0
48,1190.72,7,3,0,2,1,referral,finance,False,0
39,370.58,11,5,0,0,9,referral,ecommerce,False,0
41,700.77,13,7,0,0,20,social,ecommerce,False,1
92,727.56,10,3,0,2,32,referral,healthcare,True,1
68,5130.12,16,5,0,1,2,outbound,saas,False,0
122,1179.17,14,1,0,1,79,paid_search,services,True,0
73,1135.43,12,8,0,0,18,organic,saas,True,1
27,511.82,11,6,0,2,22,organic,saas,False,0
37,319.12,14,3,0,1,21,referral,saas,False,1
35,1963.94,8,4,0,2,1,referral,ecommerce,True,1
47,946.03,15,4,0,0,3,referral,services,False,0
229,214.96,11,4,0,1,4,social,services,False,0
261,775.78,13,6,1,0,3,paid_search,services,True,1
107,1138.41,12,5,0,0,17,social,healthcare,False,0
60,60.59,11,4,0,1,16,social,ecommerce,False,0
18,195.9,12,2,0,3,13,paid_search,ecommerce,False,0
65,708.23,9,2,1,0,47,paid_search,saas,False,0
29,71.92,15,4,0,2,5,organic,services,False,0
201,84.26,9,3,1,2,16,paid_search,healthcare,False,0
15,375.98,13,6,0,4,39,social,ecommerce,False,0
74,805.57,5,3,1,1,36,outbound,healthcare,False,0
27,843.69,9,4,0,1,64,referral,finance,True,1
54,2398.02,13,7,0,2,23,paid_search,saas,True,1
93,535.0,15,4,1,2,47,social,finance,False,0
124,339.46,16,6,0,0,7,social,finance,True,1
52,133.31,15,7,0,1,27,paid_search,services,False,0
100,335.42,14,4,0,1,6,outbound,saas,False,0
32,999.77,9,5,0,0,59,organic,saas,False,0
66,1045.99,12,6,0,0,12,organic,healthcare,False,0
122,642.02,10,2,0,0,65,organic,services,False,0
71,851.6,8,5,0,1,9,organic,services,False,0
36,1765.84,13,3,0,4,74,outbound,healthcare,False,0
44,531.27,9,4,0,0,6,paid_search,saas,False,0
123,1933.95,14,1,1,0,15,paid_search,saas,False,1
23,238.26,20,4,1,3,2,paid_search,healthcare,True,1
26,457.93,8,3,1,0,32,paid_search,saas,True,0
88,304.65,15,4,0,0,0,paid_search,healthcare,False,0
38,1088.66,13,4,0,1,37,organic,services,False,0
17,178.67,8,2,0,3,37,social,ecommerce,True,0
161,357.18,11,5,0,1,17,organic,ecommerce,True,0
23,76.73,8,5,0,1,0,social,saas,False,0
47,892.81,11,7,0,0,42,organic,ecommerce,False,0
33,1714.35,8,4,1,0,66,social,finance,False,0
43,1225.01,16,5,0,0,7,outbound,ecommerce,False,0
27,1110.57,9,6,0,0,13,organic,saas,False,0
97,1140.7,15,4,3,4,16,organic,saas,False,1
60,991.97,4,5,2,1,2,outbound,saas,False,0
120,910.87,11,2,1,0,17,paid_search,finance,True,1
34,971.57,18,8,1,2,13,referral,healthcare,False,0
301,255.78,16,4,1,2,32,organic,healthcare,False,1
12,403.35,7,1,1,0,72,paid_search,healthcare,False,0
15,528.61,12,2,0,0,14,referral,saas,False,0
222,352.23,11,2,1,5,8,outbound,healthcare,False,0
80,102.89,4,5,0,0,42,paid_search,saas,False,0
72,143.31,14,1,1,0,2,social,services,False,0
77,620.16,27,2,0,2,57,social,saas,False,0
86,1218.99,17,1,0,0,51,organic,ecommerce,False,0
69,497.37,9,6,1,3,5,paid_search,saas,False,0
25,7822.99,17,8,0,1,4,organic,finance,False,0
105,196.42,10,3,0,0,39,paid_search,saas,False,0
93,768.89,18,7,0,0,6,referral,services,True,0
171,1792.21,11,4,0,1,9,paid_search,saas,False,0
224,1430.35,12,4,3,2,10,organic,services,False,1
71,948.68,11,8,1,3,22,social,finance,False,0
20,1436.92,16,2,1,3,57,referral,saas,False,1
225,520.81,6,4,0,1,8,referral,saas,True,1
24,2599.0,17,5,0,1,70,referral,ecommerce,False,0
72,1777.85,10,5,1,1,25,organic,services,False,1
44,210.14,11,4,0,1,18,social,services,False,1
39,679.64,10,3,3,0,18,paid_search,saas,False,0
101,104.87,8,7,1,2,31,paid_search,ecommerce,True,1
66,2256.99,10,2,0,1,44,organic,saas,False,0
82,616.61,14,4,0,1,7,referral,saas,False,0
28,1898.41,19,0,1,0,8,referral,healthcare,False,1
48,441.71,10,3,0,1,14,paid_search,ecommerce,False,0
29,76.99,16,1,0,1,49,outbound,saas,False,0
47,6886.84,14,4,0,1,25,outbound,services,False,0
50,561.77,14,6,0,1,10,organic,finance,True,1
239,181.23,12,4,1,1,12,social,finance,True,0
44,1549.62,14,4,1,0,45,paid_search,saas,False,0
10,3773.87,16,6,1,2,4,outbound,services,False,0
167,402.45,20,5,0,1,14,organic,healthcare,False,0
78,446.2,14,4,2,0,2,paid_search,healthcare,True,1
49,625.18,11,4,0,2,6,paid_search,saas,True,1
38,162.23,10,1,0,1,6,paid_search,services,True,0
26,246.99,14,7,1,1,36,social,healthcare,True,1
257,2927.56,9,3,0,1,44,referral,services,False,1
57,431.73,8,3,2,2,61,organic,finance,True,1
14,213.25,8,7,0,1,76,referral,finance,False,0
71,313.55,12,7,0,1,15,outbound,finance,False,0
143,1440.61,14,4,0,2,2,social,services,False,0
62,68.31,8,4,0,0,11,referral,saas,False,0
27,635.65,9,1,0,0,36,paid_search,saas,False,0
25,5780.35,8,1,1,2,16,organic,finance,True,0
26,3755.82,10,4,1,3,6,outbound,healthcare,False,0
184,874.11,8,2,0,0,0,social,healthcare,True,0
52,1838.02,11,5,0,1,20,referral,finance,False,0
14,1820.43,6,7,0,0,51,outbound,healthcare,False,0
74,434.48,10,6,0,4,107,organic,finance,False,0
61,1242.39,9,1,0,4,31,social,ecommerce,True,0
38,2947.12,14,8,0,2,13,organic,services,False,0
24,139.25,11,3,0,2,47,organic,saas,False,0
23,877.13,12,6,0,2,15,paid_search,healthcare,True,1
130,707.31,13,4,0,1,63,paid_search,services,True,0
67,546.3,12,2,2,2,23,outbound,ecommerce,False,1
80,500.01,16,1,1,1,51,paid_search,ecommerce,True,0
66,621.21,11,4,1,2,17,outbound,ecommerce,False,0
71,675.58,7,5,0,0,58,social,healthcare,True,0
38,1508.11,11,4,0,1,22,social,ecommerce,False,0
46,793.55,9,0,0,4,16,outbound,saas,True,1
139,412.45,6,5,1,2,38,paid_search,services,True,1
169,212.74,10,2,1,1,7,paid_search,saas,True,0
21,307.22,8,5,0,3,25,organic,healthcare,False,0
46,639.81,13,1,0,0,34,paid_search,healthcare,False,0
107,243.21,11,1,1,0,47,outbound,saas,False,1
246,1268.86,11,2,0,2,16,referral,saas,False,1
227,757.52,9,4,1,0,31,paid_search,services,False,0
29,1546.16,12,9,0,1,15,organic,finance,False,0
151,260.13,16,5,0,2,6,referral,saas,False,1
57,214.63,10,3,2,2,35,social,finance,False,0
126,1534.65,14,5,1,2,25,paid_search,healthcare,True,0
103,561.13,7,6,1,0,5,social,saas,False,0
20,402.41,8,6,0,2,119,referral,finance,False,0
85,990.95,11,4,1,1,20,social,healthcare,True,0
122,954.75,8,6,2,3,2,paid_search,saas,False,1
54,140.36,13,7,0,1,4,referral,services,False,1
45,1967.75,8,8,1,2,3,organic,ecommerce,False,0
16,326.88,12,5,0,0,1,paid_search,ecommerce,False,0
94,2697.33,13,6,0,2,7,social,ecommerce,False,1
65,129.86,12,3,1,1,13,referral,finance,False,1
26,676.82,11,3,1,1,32,organic,finance,False,0
42,409.27,7,2,1,0,22,outbound,services,True,0
62,68.36,11,5,0,1,2,organic,saas,False,0
35,951.66,15,1,3,0,11,referral,finance,False,1
55,71.96,12,5,0,4,97,outbound,healthcare,True,0
13,368.09,9,6,0,1,18,referral,ecommerce,False,0
161,1486.64,13,3,2,4,21,outbound,saas,False,1
55,290.02,14,1,0,0,92,referral,services,True,0
23,199.59,15,2,1,0,15,social,saas,True,0
8,1097.02,9,7,0,2,19,social,healthcare,False,0
124,383.94,6,3,0,2,35,social,healthcare,False,0
85,328.63,22,3,0,2,30,organic,saas,False,0
65,1763.39,15,5,0,1,22,social,services,True,1
109,153.35,10,2,0,0,98,organic,services,False,0
109,311.19,12,5,0,1,15,outbound,healthcare,False,0
64,1171.98,12,7,0,3,15,organic,finance,True,0
45,143.75,12,4,0,3,25,organic,healthcare,True,0
39,2908.37,6,1,1,2,34,outbound,finance,True,1
76,396.69,15,5,0,1,51,organic,saas,True,1
167,1181.48,10,9,0,2,72,paid_search,ecommerce,True,0
50,1179.02,9,3,0,2,29,social,ecommerce,False,0
178,423.14,7,6,0,0,4,organic,ecommerce,False,1
74,305.21,6,7,1,0,1,organic,ecommerce,False,0
74,472.03,16,0,0,0,2,referral,saas,False,1
374,1004.94,9,3,0,1,7,organic,services,False,1
205,183.75,12,9,0,1,21,organic,saas,True,1
209,147.93,12,5,0,0,4,organic,saas,False,0
29,2173.74,15,10,0,2,135,paid_search,ecommerce,False,0
315,236.31,12,0,0,2,111,paid_search,healthcare,False,0
51,702.11,16,3,0,1,39,organic,saas,False,0
46,402.54,9,4,0,2,2,referral,healthcare,False,0
10,420.79,13,6,0,1,9,referral,finance,False,0
71,2059.85,12,5,1,2,29,organic,saas,False,0
23,452.52,11,6,2,1,14,paid_search,services,False,1
76,344.87,14,5,1,1,51,outbound,ecommerce,False,0
22,376.26,13,4,0,0,16,referral,healthcare,False,0
230,297.84,21,4,0,2,1,paid_search,saas,False,0
85,252.12,10,4,0,1,26,paid_search,finance,True,0
338,299.03,7,2,1,1,8,organic,services,True,0
24,2599.85,11,7,0,0,12,outbound,saas,False,0
189,1003.74,16,7,0,0,23,outbound,saas,False,0
13,348.91,16,8,0,1,7,outbound,ecommerce,False,0
64,1315.08,12,3,2,1,33,organic,saas,True,1
33,100.77,19,3,2,0,13,paid_search,services,False,1
38,1950.18,12,2,1,0,3,organic,healthcare,False,0
36,1799.31,11,2,1,0,10,paid_search,healthcare,False,0
26,4611.62,12,3,1,1,42,paid_search,services,False,0
20,1354.99,12,3,2,0,23,referral,services,True,1
38,762.98,16,4,1,2,13,organic,services,False,1
60,1792.09,17,8,0,1,35,outbound,ecommerce,False,0
139,263.54,15,6,1,0,78,organic,ecommerce,True,0
69,331.82,12,1,1,0,22,organic,ecommerce,False,1
139,462.09,11,3,2,2,15,outbound,ecommerce,False,1
17,1936.97,9,5,0,2,10,social,ecommerce,False,0
39,209.37,6,1,0,0,10,paid_search,saas,True,1
96,188.28,12,4,0,4,15,referral,ecommerce,False,0
72,624.24,9,5,0,2,26,organic,ecommerce,False,0
27,1009.82,3,3,0,2,61,organic,ecommerce,False,0
115,243.94,10,1,2,2,10,referral,saas,True,0
36,963.35,11,2,0,2,2,paid_search,ecommerce,False,0
29,1936.04,12,5,0,2,19,referral,healthcare,False,0
